route_id,trip_id
3070,3070_4654_SUN_UP
3070,3070_4654_SUN_DOWN
3070,3070_4656_MS_UP
3070,3070_4656_MS_DOWN
3050,3050_4650_MS_UP
3050,3050_4650_MS_DOWN
3070,3070_4655_HOL_UP
3070,3070_4655_HOL_DOWN
3050,3050_4651_SH_UP
3050,3050_4651_SH_DOWN
3050,3050_4652_MS_UP
3050,3050_4652_MS_DOWN
3050,3050_4653_MS_UP
3050,3050_4653_MS_DOWN
2622,2622_4657_FW_UP
2622,2622_4657_FW_DOWN
2622,2622_4658_FW_UP
2622,2622_4658_FW_DOWN
3301,3301_3230_MS_UP
3301,3301_3230_MS_DOWN
3450,3450_3232_MS_UP
3450,3450_3232_MS_DOWN
3460,3460_3234_SUN_UP
3460,3460_3234_SUN_DOWN
3460,3460_3235_HOL_UP
3460,3460_3235_HOL_DOWN
3460,3460_3236_MS_UP
3460,3460_3236_MS_DOWN
3400,3400_3240_SUN_UP
3400,3400_3240_SUN_DOWN
3400,3400_3242_HOL_UP
3400,3400_3242_HOL_DOWN
3400,3400_3244_MS_UP
3400,3400_3244_MS_DOWN
3430,3430_3250_MS_UP
3430,3430_3250_MS_DOWN
21,0021_3221_HOL_UP
21,0021_3221_HOL_DOWN
21,0021_3216_SUN_UP
21,0021_3216_SUN_DOWN
21,0021_3217_HOL_UP
21,0021_3217_HOL_DOWN
3450,3450_3233_MS_UP
3450,3450_3233_MS_DOWN
21,0021_3211_MF&HOL_UP
21,0021_3211_MF&HOL_DOWN
21,0021_3212_SAT_UP
21,0021_3212_SAT_DOWN
21,0021_3213_SUN_UP
21,0021_3213_SUN_DOWN
21,0021_3218_MS_UP
21,0021_3218_MS_DOWN
3400,3400_3241_SUN_UP
3400,3400_3241_SUN_DOWN
21,0021_3214_MF&HOL_UP
21,0021_3214_MF&HOL_DOWN
1640,1640_3224_MS_UP
1640,1640_3224_MS_DOWN
3400,3400_3243_MS&HOL_UP
3400,3400_3243_MS&HOL_DOWN
21,0021_3215_SAT_UP
21,0021_3215_SAT_DOWN
3460,3460_3238_HOL_UP
3460,3460_3238_HOL_DOWN
3301,3301_3229_SH_UP
3301,3301_3229_SH_DOWN
2914,2914_3226_MS&HOL_UP
2914,2914_3226_MS&HOL_DOWN
1640,1640_3223_MS_UP
1640,1640_3223_MS_DOWN
3450,3450_3231_SH_UP
3450,3450_3231_SH_DOWN
2914,2914_3225_MS&HOL_UP
2914,2914_3225_MS&HOL_DOWN
3460,3460_3237_SUN_UP
3460,3460_3237_SUN_DOWN
3410,3410_3245_MS_UP
3410,3410_3245_MS_DOWN
2854,2854_3227_MS_UP
2854,2854_3227_MS_DOWN
3460,3460_3239_MS_UP
3460,3460_3239_MS_DOWN
3410,3410_3246_SH_UP
3410,3410_3246_SH_DOWN
2854,2854_3228_MS_UP
2854,2854_3228_MS_DOWN
3420,3420_3247_FW_UP
3420,3420_3247_FW_DOWN
3430,3430_3248_SUN_UP
3430,3430_3248_SUN_DOWN
3430,3430_3249_HOL_UP
3430,3430_3249_HOL_DOWN
3430,3430_3251_SH_UP
3430,3430_3251_SH_DOWN
1080,1080_3387_MS_UP
1080,1080_3387_MS_DOWN
3430,3430_3252_MS_UP
3430,3430_3252_MS_DOWN
1640,1640_3222_SH_UP
1640,1640_3222_SH_DOWN
3490,3490_3253_SH_UP
3490,3490_3253_SH_DOWN
21,0021_3220_MS_UP
21,0021_3220_MS_DOWN
21,0021_3219_SUN_UP
21,0021_3219_SUN_DOWN
21,0021_3210_SUN_UP
21,0021_3210_SUN_DOWN
111,0111_3256_HOL_UP
111,0111_3256_HOL_DOWN
111,0111_3257_MF_UP
111,0111_3257_MF_DOWN
111,0111_3258_SAT_UP
111,0111_3258_SAT_DOWN
2980,2980_3309_SH_UP
2980,2980_3309_SH_DOWN
2930,2930_3319_MS&HOL_UP
2930,2930_3319_MS&HOL_DOWN
2044,2044_3320_SUN_UP
2044,2044_3320_SUN_DOWN
111,0111_3262_MF_UP
111,0111_3262_MF_DOWN
111,0111_3259_SUN_UP
111,0111_3259_SUN_DOWN
111,0111_3261_HOL_UP
111,0111_3261_HOL_DOWN
111,0111_3263_MF_UP
111,0111_3263_MF_DOWN
3211,3211_3268_MS_UP
3211,3211_3268_MS_DOWN
111,0111_3264_SAT_UP
111,0111_3264_SAT_DOWN
111,0111_3266_SUN_UP
111,0111_3266_SUN_DOWN
3211,3211_3269_SH_UP
3211,3211_3269_SH_DOWN
3211,3211_3270_MS_UP
3211,3211_3270_MS_DOWN
3551,3551_3273_SH_UP
3551,3551_3273_SH_DOWN
3551,3551_3277_MS_UP
3551,3551_3277_MS_DOWN
4941,4941_3272_MS_UP
4941,4941_3272_MS_DOWN
4941,4941_3271_SH_UP
4941,4941_3271_SH_DOWN
3551,3551_3274_MS_UP
3551,3551_3274_MS_DOWN
3551,3551_3279_MS_UP
3551,3551_3279_MS_DOWN
3551,3551_3278_SH_UP
3551,3551_3278_SH_DOWN
3551,3551_3280_SUN_UP
3551,3551_3280_SUN_DOWN
3027,3027_3288_SUN_UP
3027,3027_3288_SUN_DOWN
401,0401_3282_MS&HOL_UP
401,0401_3282_MS&HOL_DOWN
401,0401_3284_MS&HOL_UP
401,0401_3284_MS&HOL_DOWN
401,0401_3281_MS&HOL_UP
401,0401_3281_MS&HOL_DOWN
3027,3027_3289_MF_UP
3027,3027_3289_MF_DOWN
3027,3027_3291_SAT&HOL_UP
3027,3027_3291_SAT&HOL_DOWN
3027,3027_3292_SAT&HOL_UP
3027,3027_3292_SAT&HOL_DOWN
3027,3027_3293_SUN_UP
3027,3027_3293_SUN_DOWN
401,0401_3286_SUN_UP
401,0401_3286_SUN_DOWN
401,0401_3287_SH_UP
401,0401_3287_SH_DOWN
5171,5171_3301_MS_UP
5171,5171_3301_MS_DOWN
3027,3027_3294_MF_UP
3027,3027_3294_MF_DOWN
3027,3027_3297_SAT&HOL_UP
3027,3027_3297_SAT&HOL_DOWN
4617,4617_3298_SUN_UP
4617,4617_3298_SUN_DOWN
4617,4617_3300_MS&HOL_UP
4617,4617_3300_MS&HOL_DOWN
5171,5171_3302_SH_UP
5171,5171_3302_SH_DOWN
5171,5171_3303_MS_UP
5171,5171_3303_MS_DOWN
5171,5171_3306_MS_UP
5171,5171_3306_MS_DOWN
5171,5171_3308_SH_UP
5171,5171_3308_SH_DOWN
7071,7071_3316_MS_UP
7071,7071_3316_MS_DOWN
5171,5171_3307_SH_UP
5171,5171_3307_SH_DOWN
2950,2950_3317_MS&HOL_UP
2950,2950_3317_MS&HOL_DOWN
4310,4310_3456_MS_UP
4310,4310_3456_MS_DOWN
2980,2980_3310_MS_UP
2980,2980_3310_MS_DOWN
2970,2970_3312_SH_UP
2970,2970_3312_SH_DOWN
2970,2970_3313_MS_UP
2970,2970_3313_MS_DOWN
7071,7071_3314_SH_UP
7071,7071_3314_SH_DOWN
2044,2044_3321_MS_UP
2044,2044_3321_MS_DOWN
7071,7071_3315_MS_UP
7071,7071_3315_MS_DOWN
2930,2930_3318_SUN_UP
2930,2930_3318_SUN_DOWN
536,0536_3322_SH_UP
536,0536_3322_SH_DOWN
111,0111_3255_SUN_UP
111,0111_3255_SUN_DOWN
2700,2700_3329_FW_UP
2700,2700_3329_FW_DOWN
6074,6074_3335_SUN_UP
6074,6074_3335_SUN_DOWN
6074,6074_3336_HOL_UP
6074,6074_3336_HOL_DOWN
6074,6074_3337_MS_UP
6074,6074_3337_MS_DOWN
2760,2760_3342_MF_UP
2760,2760_3342_MF_DOWN
2760,2760_3343_SAT_UP
2760,2760_3343_SAT_DOWN
2770,2770_3344_SUN_UP
2770,2770_3344_SUN_DOWN
2770,2770_3345_MS_UP
2770,2770_3345_MS_DOWN
2770,2770_3350_HOL_UP
2770,2770_3350_HOL_DOWN
2790,2790_3351_SH_UP
2790,2790_3351_SH_DOWN
2790,2790_3352_MS_UP
2790,2790_3352_MS_DOWN
2444,2444_3353_MF_UP
2444,2444_3353_MF_DOWN
2444,2444_3357_SH_UP
2444,2444_3357_SH_DOWN
2444,2444_3358_SAT_UP
2444,2444_3358_SAT_DOWN
1334,1334_3362_MS_UP
1334,1334_3362_MS_DOWN
4430,4430_3370_MS_UP
4430,4430_3370_MS_DOWN
4420,4420_3372_MS_UP
4420,4420_3372_MS_DOWN
4460,4460_3378_MS&HOL_UP
4460,4460_3378_MS&HOL_DOWN
5247,5247_3324_FW_UP
5247,5247_3324_FW_DOWN
5247,5247_3325_FW_UP
5247,5247_3325_FW_DOWN
5257,5257_3327_SAT&HOL_UP
5257,5257_3327_SAT&HOL_DOWN
6074,6074_3338_MS_UP
6074,6074_3338_MS_DOWN
5257,5257_3328_SUN_UP
5257,5257_3328_SUN_DOWN
2710,2710_3330_FW_UP
2710,2710_3330_FW_DOWN
2021,2021_3333_HOL_UP
2021,2021_3333_HOL_DOWN
2710,2710_3331_SH_UP
2710,2710_3331_SH_DOWN
2021,2021_3334_MS_UP
2021,2021_3334_MS_DOWN
2760,2760_3340_SUN_UP
2760,2760_3340_SUN_DOWN
6074,6074_3339_MS_UP
6074,6074_3339_MS_DOWN
2444,2444_3355_MF_UP
2444,2444_3355_MF_DOWN
2760,2760_3341_HOL_UP
2760,2760_3341_HOL_DOWN
2770,2770_3347_HOL_UP
2770,2770_3347_HOL_DOWN
2770,2770_3348_MS_UP
2770,2770_3348_MS_DOWN
2444,2444_3354_MF_UP
2444,2444_3354_MF_DOWN
2444,2444_3356_SAT_UP
2444,2444_3356_SAT_DOWN
4354,4354_3367_MS_UP
4354,4354_3367_MS_DOWN
1334,1334_3360_SUN_UP
1334,1334_3360_SUN_DOWN
4354,4354_3366_HOL_UP
4354,4354_3366_HOL_DOWN
1080,1080_3379_SUN_UP
1080,1080_3379_SUN_DOWN
1334,1334_3361_HOL_UP
1334,1334_3361_HOL_DOWN
1080,1080_3380_HOL_UP
1080,1080_3380_HOL_DOWN
2140,2140_3364_SH_UP
2140,2140_3364_SH_DOWN
2140,2140_3365_MS_UP
2140,2140_3365_MS_DOWN
1080,1080_3382_SUN_UP
1080,1080_3382_SUN_DOWN
7101,7101_3368_FW_UP
7101,7101_3368_FW_DOWN
4420,4420_3371_SH_UP
4420,4420_3371_SH_DOWN
4430,4430_3369_SH_UP
4430,4430_3369_SH_DOWN
3004,3004_3376_MS_UP
3004,3004_3376_MS_DOWN
4410,4410_3373_SH_UP
4410,4410_3373_SH_DOWN
4410,4410_3374_MS_UP
4410,4410_3374_MS_DOWN
4460,4460_3377_SUN_UP
4460,4460_3377_SUN_DOWN
1080,1080_3383_HOL_UP
1080,1080_3383_HOL_DOWN
1080,1080_3384_MS_UP
1080,1080_3384_MS_DOWN
1080,1080_3381_MS_UP
1080,1080_3381_MS_DOWN
1080,1080_3385_SUN_UP
1080,1080_3385_SUN_DOWN
1030,1030_3393_SH_UP
1030,1030_3393_SH_DOWN
1030,1030_3394_SAT_UP
1030,1030_3394_SAT_DOWN
1010,1010_3405_MS_UP
1010,1010_3405_MS_DOWN
1060,1060_3408_MS_UP
1060,1060_3408_MS_DOWN
390,0390_3417_MS_UP
390,0390_3417_MS_DOWN
370,0370_3432_SUN_UP
370,0370_3432_SUN_DOWN
370,0370_3433_HOL_UP
370,0370_3433_HOL_DOWN
370,0370_3434_MS_UP
370,0370_3434_MS_DOWN
4380,4380_3444_SH_UP
4380,4380_3444_SH_DOWN
4380,4380_3445_MS_UP
4380,4380_3445_MS_DOWN
4340,4340_3448_MS_UP
4340,4340_3448_MS_DOWN
5021,5021_3389_MS_UP
5021,5021_3389_MS_DOWN
1030,1030_3392_MF_UP
1030,1030_3392_MF_DOWN
1060,1060_3411_HOL_UP
1060,1060_3411_HOL_DOWN
1030,1030_3396_SH_UP
1030,1030_3396_SH_DOWN
1030,1030_3397_SAT_UP
1030,1030_3397_SAT_DOWN
1030,1030_3399_SH_UP
1030,1030_3399_SH_DOWN
1030,1030_3400_SAT_UP
1030,1030_3400_SAT_DOWN
1030,1030_3401_MF_UP
1030,1030_3401_MF_DOWN
1030,1030_3403_SAT_UP
1030,1030_3403_SAT_DOWN
1060,1060_3406_SUN_UP
1060,1060_3406_SUN_DOWN
1060,1060_3407_HOL_UP
1060,1060_3407_HOL_DOWN
1060,1060_3409_MS_UP
1060,1060_3409_MS_DOWN
390,0390_3415_SUN_UP
390,0390_3415_SUN_DOWN
1060,1060_3413_SUN_UP
1060,1060_3413_SUN_DOWN
1060,1060_3414_HOL_UP
1060,1060_3414_HOL_DOWN
390,0390_3416_HOL_UP
390,0390_3416_HOL_DOWN
330,0330_3424_MF_UP
330,0330_3424_MF_DOWN
330,0330_3425_SAT_UP
330,0330_3425_SAT_DOWN
5111,5111_3429_SUN_UP
5111,5111_3429_SUN_DOWN
370,0370_3435_MS_UP
370,0370_3435_MS_DOWN
330,0330_3421_MF_UP
330,0330_3421_MF_DOWN
330,0330_3422_SH_UP
330,0330_3422_SH_DOWN
330,0330_3423_SAT_UP
330,0330_3423_SAT_DOWN
5111,5111_3426_SUN_UP
5111,5111_3426_SUN_DOWN
370,0370_3436_SUN_UP
370,0370_3436_SUN_DOWN
370,0370_3437_HOL_UP
370,0370_3437_HOL_DOWN
5111,5111_3427_HOL_UP
5111,5111_3427_HOL_DOWN
5111,5111_3428_MS_UP
5111,5111_3428_MS_DOWN
350,0350_3439_HOL_UP
350,0350_3439_HOL_DOWN
350,0350_3441_SUN_UP
350,0350_3441_SUN_DOWN
350,0350_3443_MS_UP
350,0350_3443_MS_DOWN
4310,4310_3453_SH_UP
4310,4310_3453_SH_DOWN
4310,4310_3455_SH_UP
4310,4310_3455_SH_DOWN
350,0350_3440_MS_UP
350,0350_3440_MS_DOWN
4340,4340_3446_SUN_UP
4340,4340_3446_SUN_DOWN
4340,4340_3447_HOL_UP
4340,4340_3447_HOL_DOWN
4330,4330_3449_SUN_UP
4330,4330_3449_SUN_DOWN
4330,4330_3450_MS&HOL_UP
4330,4330_3450_MS&HOL_DOWN
4300,4300_3451_SH_UP
4300,4300_3451_SH_DOWN
4310,4310_3454_MS_UP
4310,4310_3454_MS_DOWN
5021,5021_3391_FW_UP
5021,5021_3391_FW_DOWN
1060,1060_3410_SUN_UP
1060,1060_3410_SUN_DOWN
380,0380_3418_SUN_UP
380,0380_3418_SUN_DOWN
380,0380_3419_HOL_UP
380,0380_3419_HOL_DOWN
3380,3380_3463_MS_UP
3380,3380_3463_MS_DOWN
3350,3350_3464_SUN_UP
3350,3350_3464_SUN_DOWN
3350,3350_3465_MS&HOL_UP
3350,3350_3465_MS&HOL_DOWN
3340,3340_3466_MS&HOL_UP
3340,3340_3466_MS&HOL_DOWN
3360,3360_3467_MS_UP
3360,3360_3467_MS_DOWN
3320,3320_3473_SUN_UP
3320,3320_3473_SUN_DOWN
3320,3320_3475_HOL_UP
3320,3320_3475_HOL_DOWN
3320,3320_3477_MS_UP
3320,3320_3477_MS_DOWN
3320,3320_3478_MS_UP
3320,3320_3478_MS_DOWN
7035,7035_3498_SH_UP
7035,7035_3498_SH_DOWN
2474,2474_3506_MS_UP
2474,2474_3506_MS_DOWN
3591,3591_3513_MS_UP
3591,3591_3513_MS_DOWN
3390,3390_3458_MS_UP
3390,3390_3458_MS_DOWN
3380,3380_3461_SUN_UP
3380,3380_3461_SUN_DOWN
3320,3320_3474_HOL_UP
3320,3320_3474_HOL_DOWN
3360,3360_3469_HOL_UP
3360,3360_3469_HOL_DOWN
3380,3380_3462_HOL_UP
3380,3380_3462_HOL_DOWN
3360,3360_3468_SUN_UP
3360,3360_3468_SUN_DOWN
3330,3330_3470_SUN_UP
3330,3330_3470_SUN_DOWN
3330,3330_3471_MS&HOL_UP
3330,3330_3471_MS&HOL_DOWN
4491,4491_3480_SH_UP
4491,4491_3480_SH_DOWN
3320,3320_3472_SUN_UP
3320,3320_3472_SUN_DOWN
4491,4491_3481_MS_UP
4491,4491_3481_MS_DOWN
2231,2231_3483_MS_UP
2231,2231_3483_MS_DOWN
211,0211_3487_MS_UP
211,0211_3487_MS_DOWN
2231,2231_3484_SH_UP
2231,2231_3484_SH_DOWN
2231,2231_3485_MS_UP
2231,2231_3485_MS_DOWN
211,0211_3489_MS_UP
211,0211_3489_MS_DOWN
211,0211_3490_MS_UP
211,0211_3490_MS_DOWN
211,0211_3486_SH_UP
211,0211_3486_SH_DOWN
7035,7035_3499_MS_UP
7035,7035_3499_MS_DOWN
5101,5101_3494_HOL_UP
5101,5101_3494_HOL_DOWN
2684,2684_3503_HOL_UP
2684,2684_3503_HOL_DOWN
5191,5191_3491_SUN_UP
5191,5191_3491_SUN_DOWN
5191,5191_3492_MS&HOL_UP
5191,5191_3492_MS&HOL_DOWN
778,0778_3507_MF_UP
778,0778_3507_MF_DOWN
778,0778_3508_MF_UP
778,0778_3508_MF_DOWN
3894,3894_3500_MS_UP
3894,3894_3500_MS_DOWN
3894,3894_3501_SH_UP
3894,3894_3501_SH_DOWN
778,0778_3509_SAT&HOL_UP
778,0778_3509_SAT&HOL_DOWN
2474,2474_3505_SH_UP
2474,2474_3505_SH_DOWN
3591,3591_3512_HOL_UP
3591,3591_3512_HOL_DOWN
778,0778_3510_SAT&HOL_UP
778,0778_3510_SAT&HOL_DOWN
446,0446_3515_MS&HOL_UP
446,0446_3515_MS&HOL_DOWN
446,0446_3517_MS&HOL_UP
446,0446_3517_MS&HOL_DOWN
446,0446_3518_MS&HOL_UP
446,0446_3518_MS&HOL_DOWN
7085,7085_3514_FW_UP
7085,7085_3514_FW_DOWN
3681,3681_3519_SUN_UP
3681,3681_3519_SUN_DOWN
5211,5211_4389_MS&HOL_UP
5211,5211_4389_MS&HOL_DOWN
3681,3681_3520_HOL_UP
3681,3681_3520_HOL_DOWN
5101,5101_3493_MS_UP
5101,5101_3493_MS_DOWN
5101,5101_3497_HOL_UP
5101,5101_3497_HOL_DOWN
2684,2684_3502_SUN_UP
2684,2684_3502_SUN_DOWN
2684,2684_3504_MS_UP
2684,2684_3504_MS_DOWN
3390,3390_3459_SH_UP
3390,3390_3459_SH_DOWN
3681,3681_3521_MS_UP
3681,3681_3521_MS_DOWN
2310,2310_3533_MS_UP
2310,2310_3533_MS_DOWN
1054,1054_3555_MS_UP
1054,1054_3555_MS_DOWN
2344,2344_3560_MS_UP
2344,2344_3560_MS_DOWN
3481,3481_3569_SUN_UP
3481,3481_3569_SUN_DOWN
3481,3481_3570_HOL_UP
3481,3481_3570_HOL_DOWN
3481,3481_3571_MS_UP
3481,3481_3571_MS_DOWN
541,0541_3577_SUN_UP
541,0541_3577_SUN_DOWN
541,0541_3578_HOL_UP
541,0541_3578_HOL_DOWN
2944,2944_3580_SH_UP
2944,2944_3580_SH_DOWN
2944,2944_3581_MS_UP
2944,2944_3581_MS_DOWN
2300,2300_3530_SUN_UP
2300,2300_3530_SUN_DOWN
2370,2370_3529_FW_UP
2370,2370_3529_FW_DOWN
2360,2360_3527_MS_UP
2360,2360_3527_MS_DOWN
6034,6034_3525_SH_UP
6034,6034_3525_SH_DOWN
2360,2360_3528_SH_UP
2360,2360_3528_SH_DOWN
2310,2310_3534_MS_UP
2310,2310_3534_MS_DOWN
2310,2310_3535_MS_UP
2310,2310_3535_MS_DOWN
2300,2300_3531_MS&HOL_UP
2300,2300_3531_MS&HOL_DOWN
2310,2310_3532_SH_UP
2310,2310_3532_SH_DOWN
2310,2310_3536_MS_UP
2310,2310_3536_MS_DOWN
5927,5927_3539_MS&HOL_UP
5927,5927_3539_MS&HOL_DOWN
4587,4587_3545_MS&HOL_UP
4587,4587_3545_MS&HOL_DOWN
5927,5927_3540_SUN_UP
5927,5927_3540_SUN_DOWN
5927,5927_3541_MS&HOL_UP
5927,5927_3541_MS&HOL_DOWN
5927,5927_3542_SUN_UP
5927,5927_3542_SUN_DOWN
5927,5927_3543_MS&HOL_UP
5927,5927_3543_MS&HOL_DOWN
4587,4587_3546_SUN_UP
4587,4587_3546_SUN_DOWN
4587,4587_3548_SUN_UP
4587,4587_3548_SUN_DOWN
4587,4587_3549_MS&HOL_UP
4587,4587_3549_MS&HOL_DOWN
10,0010_3552_MS_UP
10,0010_3552_MS_DOWN
10,0010_3550_SUN_UP
10,0010_3550_SUN_DOWN
1054,1054_3554_HOL_UP
1054,1054_3554_HOL_DOWN
6110,6110_3564_SH_UP
6110,6110_3564_SH_DOWN
4141,4141_3557_MS&HOL_UP
4141,4141_3557_MS&HOL_DOWN
3481,3481_3567_HOL_UP
3481,3481_3567_HOL_DOWN
1054,1054_3553_SUN_UP
1054,1054_3553_SUN_DOWN
6100,6100_3562_SH_UP
6100,6100_3562_SH_DOWN
6100,6100_3563_MS_UP
6100,6100_3563_MS_DOWN
3481,3481_3572_MS_UP
3481,3481_3572_MS_DOWN
2344,2344_3558_SUN_UP
2344,2344_3558_SUN_DOWN
2344,2344_3559_HOL_UP
2344,2344_3559_HOL_DOWN
6120,6120_3561_FW_UP
6120,6120_3561_FW_DOWN
841,0841_3582_MS_UP
841,0841_3582_MS_DOWN
3481,3481_3573_SUN_UP
3481,3481_3573_SUN_DOWN
5201,5201_3565_FW_UP
5201,5201_3565_FW_DOWN
3481,3481_3574_HOL_UP
3481,3481_3574_HOL_DOWN
3481,3481_3575_MS_UP
3481,3481_3575_MS_DOWN
841,0841_3584_MS_UP
841,0841_3584_MS_DOWN
841,0841_3583_SH_UP
841,0841_3583_SH_DOWN
7077,7077_3586_MS&HOL_UP
7077,7077_3586_MS&HOL_DOWN
7077,7077_3585_SUN_UP
7077,7077_3585_SUN_DOWN
7077,7077_3587_MS&HOL_UP
7077,7077_3587_MS&HOL_DOWN
10,0010_3551_HOL_UP
10,0010_3551_HOL_DOWN
5151,5151_3523_MS_UP
5151,5151_3523_MS_DOWN
1300,1300_3591_MS_UP
1300,1300_3591_MS_DOWN
2101,2101_3592_SUN_UP
2101,2101_3592_SUN_DOWN
1340,1340_3607_MF_UP
1340,1340_3607_MF_DOWN
1340,1340_3608_SAT_UP
1340,1340_3608_SAT_DOWN
270,0270_3617_MF_UP
270,0270_3617_MF_DOWN
4050,4050_3633_MS_UP
4050,4050_3633_MS_DOWN
4080,4080_3640_SUN_UP
4080,4080_3640_SUN_DOWN
4080,4080_3641_HOL_UP
4080,4080_3641_HOL_DOWN
4080,4080_3642_MS_UP
4080,4080_3642_MS_DOWN
7201,7201_3646_FW_UP
7201,7201_3646_FW_DOWN
2101,2101_3595_MS_UP
2101,2101_3595_MS_DOWN
1300,1300_3590_SH_UP
1300,1300_3590_SH_DOWN
2101,2101_3593_HOL_UP
2101,2101_3593_HOL_DOWN
2101,2101_3594_MS_UP
2101,2101_3594_MS_DOWN
1350,1350_3599_SUN_UP
1350,1350_3599_SUN_DOWN
2101,2101_3596_SUN_UP
2101,2101_3596_SUN_DOWN
1350,1350_3602_MS_UP
1350,1350_3602_MS_DOWN
1340,1340_3605_SUN_UP
1340,1340_3605_SUN_DOWN
1350,1350_3600_HOL_UP
1350,1350_3600_HOL_DOWN
1350,1350_3601_MS_UP
1350,1350_3601_MS_DOWN
1350,1350_3603_SUN_UP
1350,1350_3603_SUN_DOWN
1340,1340_3606_HOL_UP
1340,1340_3606_HOL_DOWN
1340,1340_3609_MF_UP
1340,1340_3609_MF_DOWN
1340,1340_3610_SAT_UP
1340,1340_3610_SAT_DOWN
1380,1380_3611_SUN_UP
1380,1380_3611_SUN_DOWN
1380,1380_3616_SAT_UP
1380,1380_3616_SAT_DOWN
270,0270_3619_MF_UP
270,0270_3619_MF_DOWN
1380,1380_3615_SAT_UP
1380,1380_3615_SAT_DOWN
1380,1380_3612_HOL_UP
1380,1380_3612_HOL_DOWN
280,0280_3621_MS_UP
280,0280_3621_MS_DOWN
270,0270_3618_SH_UP
270,0270_3618_SH_DOWN
280,0280_3623_SH_UP
280,0280_3623_SH_DOWN
280,0280_3620_MS_UP
280,0280_3620_MS_DOWN
280,0280_3625_SH_UP
280,0280_3625_SH_DOWN
280,0280_3622_SH_UP
280,0280_3622_SH_DOWN
4214,4214_3627_FW_UP
4214,4214_3627_FW_DOWN
4070,4070_3628_FW_UP
4070,4070_3628_FW_DOWN
4070,4070_3629_FW_UP
4070,4070_3629_FW_DOWN
3402,3402_3639_MS_UP
3402,3402_3639_MS_DOWN
4080,4080_3643_SUN_UP
4080,4080_3643_SUN_DOWN
4080,4080_3645_MS_UP
4080,4080_3645_MS_DOWN
4050,4050_3632_SH_UP
4050,4050_3632_SH_DOWN
4031,4031_3651_HOL_UP
4031,4031_3651_HOL_DOWN
4060,4060_3631_MS_UP
4060,4060_3631_MS_DOWN
4020,4020_3636_SH_UP
4020,4020_3636_SH_DOWN
4040,4040_3634_MS_UP
4040,4040_3634_MS_DOWN
4040,4040_3635_SH_UP
4040,4040_3635_SH_DOWN
4020,4020_3637_MS_UP
4020,4020_3637_MS_DOWN
4000,4000_3638_FW_UP
4000,4000_3638_FW_DOWN
4031,4031_3647_SUN_UP
4031,4031_3647_SUN_DOWN
4031,4031_3648_HOL_UP
4031,4031_3648_HOL_DOWN
4031,4031_3649_MS_UP
4031,4031_3649_MS_DOWN
1374,1374_3653_SUN_UP
1374,1374_3653_SUN_DOWN
1374,1374_3654_HOL_UP
1374,1374_3654_HOL_DOWN
7007,7007_3589_MS_UP
7007,7007_3589_MS_DOWN
2404,2404_3658_MS_UP
2404,2404_3658_MS_DOWN
2154,2154_3661_MF_UP
2154,2154_3661_MF_DOWN
2154,2154_3665_SAT_UP
2154,2154_3665_SAT_DOWN
3920,3920_3699_MF_UP
3920,3920_3699_MF_DOWN
3920,3920_3701_SAT_UP
3920,3920_3701_SAT_DOWN
3910,3910_3702_SH_UP
3910,3910_3702_SH_DOWN
3910,3910_3703_MS_UP
3910,3910_3703_MS_DOWN
2154,2154_3664_SH_UP
2154,2154_3664_SH_DOWN
2404,2404_3657_SH_UP
2404,2404_3657_SH_DOWN
2404,2404_3659_MS_UP
2404,2404_3659_MS_DOWN
2404,2404_3660_SH_UP
2404,2404_3660_SH_DOWN
2154,2154_3663_MF_UP
2154,2154_3663_MF_DOWN
2154,2154_3666_SH_UP
2154,2154_3666_SH_DOWN
2154,2154_3667_SH_UP
2154,2154_3667_SH_DOWN
2154,2154_3668_SAT_UP
2154,2154_3668_SAT_DOWN
41,0041_3670_SH_UP
41,0041_3670_SH_DOWN
41,0041_3674_SH_UP
41,0041_3674_SH_DOWN
3700,3700_3683_MS_UP
3700,3700_3683_MS_DOWN
41,0041_3672_SH_UP
41,0041_3672_SH_DOWN
41,0041_3673_MS_UP
41,0041_3673_MS_DOWN
3790,3790_3677_SH_UP
3790,3790_3677_SH_DOWN
3700,3700_3682_MS_UP
3700,3700_3682_MS_DOWN
466,0466_3680_MS_UP
466,0466_3680_MS_DOWN
3790,3790_3678_MS_UP
3790,3790_3678_MS_DOWN
466,0466_3681_MS_UP
466,0466_3681_MS_DOWN
3780,3780_3679_FW_UP
3780,3780_3679_FW_DOWN
768,0768_3691_MF_UP
768,0768_3691_MF_DOWN
3760,3760_3687_SH_UP
3760,3760_3687_SH_DOWN
768,0768_3694_MF_UP
768,0768_3694_MF_DOWN
768,0768_3695_SAT&HOL_UP
768,0768_3695_SAT&HOL_DOWN
3770,3770_3686_FW_UP
3770,3770_3686_FW_DOWN
726,0726_3689_SH_UP
726,0726_3689_SH_DOWN
3760,3760_3688_MS_UP
3760,3760_3688_MS_DOWN
726,0726_3690_MS_UP
726,0726_3690_MS_DOWN
768,0768_3696_SAT&HOL_UP
768,0768_3696_SAT&HOL_DOWN
890,0890_3704_HOL_UP
890,0890_3704_HOL_DOWN
3930,3930_3697_MS_UP
3930,3930_3697_MS_DOWN
3930,3930_3698_MS_UP
3930,3930_3698_MS_DOWN
3950,3950_3710_SUN_UP
3950,3950_3710_SUN_DOWN
890,0890_3705_MF_UP
890,0890_3705_MF_DOWN
890,0890_3706_SAT_UP
890,0890_3706_SAT_DOWN
820,0820_3712_SUN_UP
820,0820_3712_SUN_DOWN
3950,3950_3711_MS&HOL_UP
3950,3950_3711_MS&HOL_DOWN
820,0820_3715_HOL_UP
820,0820_3715_HOL_DOWN
820,0820_3713_HOL_UP
820,0820_3713_HOL_DOWN
820,0820_3716_HOL_UP
820,0820_3716_HOL_DOWN
3970,3970_3708_SH_UP
3970,3970_3708_SH_DOWN
3970,3970_3709_MS_UP
3970,3970_3709_MS_DOWN
820,0820_3717_MS_UP
820,0820_3717_MS_DOWN
860,0860_3723_SUN_UP
860,0860_3723_SUN_DOWN
830,0830_3720_MS_UP
830,0830_3720_MS_DOWN
830,0830_3718_MS_UP
830,0830_3718_MS_DOWN
830,0830_3722_SH_UP
830,0830_3722_SH_DOWN
3720,3720_3685_FW_UP
3720,3720_3685_FW_DOWN
1374,1374_3656_SAT_UP
1374,1374_3656_SAT_DOWN
2094,2094_3743_MS_UP
2094,2094_3743_MS_DOWN
2410,2410_3748_MS_UP
2410,2410_3748_MS_DOWN
2430,2430_3752_MS_UP
2430,2430_3752_MS_DOWN
61,0061_3754_MS_UP
61,0061_3754_MS_DOWN
2490,2490_3761_SH_UP
2490,2490_3761_SH_DOWN
2490,2490_3762_MS_UP
2490,2490_3762_MS_DOWN
911,0911_3775_MS_UP
911,0911_3775_MS_DOWN
6270,6270_3782_MS_UP
6270,6270_3782_MS_DOWN
860,0860_3725_MS_UP
860,0860_3725_MS_DOWN
850,0850_3732_HOL_UP
850,0850_3732_HOL_DOWN
860,0860_3729_MS_UP
860,0860_3729_MS_DOWN
860,0860_3730_MS_UP
860,0860_3730_MS_DOWN
850,0850_3738_HOL_UP
850,0850_3738_HOL_DOWN
1004,1004_3731_MS_UP
1004,1004_3731_MS_DOWN
850,0850_3737_SUN_UP
850,0850_3737_SUN_DOWN
850,0850_3734_MS_UP
850,0850_3734_MS_DOWN
850,0850_3735_MS_UP
850,0850_3735_MS_DOWN
2094,2094_3741_SUN_UP
2094,2094_3741_SUN_DOWN
2094,2094_3744_SUN_UP
2094,2094_3744_SUN_DOWN
850,0850_3740_SUN_UP
850,0850_3740_SUN_DOWN
2094,2094_3746_MS_UP
2094,2094_3746_MS_DOWN
2410,2410_3749_MS_UP
2410,2410_3749_MS_DOWN
2094,2094_3742_HOL_UP
2094,2094_3742_HOL_DOWN
2410,2410_3747_SH_UP
2410,2410_3747_SH_DOWN
2410,2410_3750_MS_UP
2410,2410_3750_MS_DOWN
2430,2430_3751_SH_UP
2430,2430_3751_SH_DOWN
61,0061_3753_SH_UP
61,0061_3753_SH_DOWN
2480,2480_3763_SH_UP
2480,2480_3763_SH_DOWN
61,0061_3757_MS_UP
61,0061_3757_MS_DOWN
61,0061_3758_MS_UP
61,0061_3758_MS_DOWN
3061,3061_3769_MS&SUN_UP
3061,3061_3769_MS&SUN_DOWN
4611,4611_3767_SH_UP
4611,4611_3767_SH_DOWN
4611,4611_3768_MS_UP
4611,4611_3768_MS_DOWN
3061,3061_3771_HOL_UP
3061,3061_3771_HOL_DOWN
6150,6150_3759_SH_UP
6150,6150_3759_SH_DOWN
6150,6150_3760_MS_UP
6150,6150_3760_MS_DOWN
2480,2480_3764_MS_UP
2480,2480_3764_MS_DOWN
4611,4611_3766_MS_UP
4611,4611_3766_MS_DOWN
911,0911_3774_SH_UP
911,0911_3774_SH_DOWN
3061,3061_3772_HOL_UP
3061,3061_3772_HOL_DOWN
770,0770_3773_FW_UP
770,0770_3773_FW_DOWN
3821,3821_3776_SH_UP
3821,3821_3776_SH_DOWN
3821,3821_3779_MS_UP
3821,3821_3779_MS_DOWN
6270,6270_3781_SH_UP
6270,6270_3781_SH_DOWN
6270,6270_3784_SH_UP
6270,6270_3784_SH_DOWN
6270,6270_3785_MS_UP
6270,6270_3785_MS_DOWN
3821,3821_3778_SH_UP
3821,3821_3778_SH_DOWN
6270,6270_3780_SH_UP
6270,6270_3780_SH_DOWN
6240,6240_3787_SUN_UP
6240,6240_3787_SUN_DOWN
6240,6240_3788_HOL_UP
6240,6240_3788_HOL_DOWN
6240,6240_3789_MS_UP
6240,6240_3789_MS_DOWN
4510,4510_3790_SUN_UP
4510,4510_3790_SUN_DOWN
4510,4510_3791_HOL_UP
4510,4510_3791_HOL_DOWN
850,0850_3733_MS_UP
850,0850_3733_MS_DOWN
860,0860_3726_MS_UP
860,0860_3726_MS_DOWN
4520,4520_3793_SUN_UP
4520,4520_3793_SUN_DOWN
4520,4520_3795_MS_UP
4520,4520_3795_MS_DOWN
3444,3444_3808_SUN_UP
3444,3444_3808_SUN_DOWN
3444,3444_3809_HOL_UP
3444,3444_3809_HOL_DOWN
3444,3444_3810_MS_UP
3444,3444_3810_MS_DOWN
6214,6214_3811_SUN_UP
6214,6214_3811_SUN_DOWN
6214,6214_3813_MS_UP
6214,6214_3813_MS_DOWN
1750,1750_3814_MF_UP
1750,1750_3814_MF_DOWN
1750,1750_3815_SH_UP
1750,1750_3815_SH_DOWN
1750,1750_3816_SAT_UP
1750,1750_3816_SAT_DOWN
1720,1720_3823_MS_UP
1720,1720_3823_MS_DOWN
2624,2624_3835_SUN_UP
2624,2624_3835_SUN_DOWN
2624,2624_3836_HOL_UP
2624,2624_3836_HOL_DOWN
2624,2624_3837_MS_UP
2624,2624_3837_MS_DOWN
7091,7091_3838_SH_UP
7091,7091_3838_SH_DOWN
7091,7091_3839_MS_UP
7091,7091_3839_MS_DOWN
1800,1800_3842_MS_UP
1800,1800_3842_MS_DOWN
1860,1860_3851_SUN_UP
1860,1860_3851_SUN_DOWN
1860,1860_3852_HOL_UP
1860,1860_3852_HOL_DOWN
1860,1860_3853_MS_UP
1860,1860_3853_MS_DOWN
4520,4520_3794_HOL_UP
4520,4520_3794_HOL_DOWN
4540,4540_3797_FW_UP
4540,4540_3797_FW_DOWN
4540,4540_3796_FW_UP
4540,4540_3796_FW_DOWN
811,0811_3801_MS_UP
811,0811_3801_MS_DOWN
4560,4560_3804_SUN_UP
4560,4560_3804_SUN_DOWN
1740,1740_3818_FW_UP
1740,1740_3818_FW_DOWN
811,0811_3802_SUN_UP
811,0811_3802_SUN_DOWN
811,0811_3803_HOL_UP
811,0811_3803_HOL_DOWN
4560,4560_3806_MS&HOL_UP
4560,4560_3806_MS&HOL_DOWN
4560,4560_3805_SUN_UP
4560,4560_3805_SUN_DOWN
1740,1740_3819_FW_UP
1740,1740_3819_FW_DOWN
6214,6214_3812_HOL_UP
6214,6214_3812_HOL_DOWN
1740,1740_3817_FW_UP
1740,1740_3817_FW_DOWN
1720,1720_3822_SH_UP
1720,1720_3822_SH_DOWN
1740,1740_3821_FW_UP
1740,1740_3821_FW_DOWN
1720,1720_3824_MF_UP
1720,1720_3824_MF_DOWN
1720,1720_3826_SH_UP
1720,1720_3826_SH_DOWN
1710,1710_3828_SH_UP
1710,1710_3828_SH_DOWN
1710,1710_3830_MF_UP
1710,1710_3830_MF_DOWN
1710,1710_3831_SAT_UP
1710,1710_3831_SAT_DOWN
1710,1710_3827_MF_UP
1710,1710_3827_MF_DOWN
1800,1800_3845_FW_UP
1800,1800_3845_FW_DOWN
1710,1710_3829_SAT_UP
1710,1710_3829_SAT_DOWN
1800,1800_3840_SH_UP
1800,1800_3840_SH_DOWN
1700,1700_3834_FW_UP
1700,1700_3834_FW_DOWN
1800,1800_3844_FW_UP
1800,1800_3844_FW_DOWN
1810,1810_3847_MS_UP
1810,1810_3847_MS_DOWN
1810,1810_3846_SH_UP
1810,1810_3846_SH_DOWN
1800,1800_3841_SH_UP
1800,1800_3841_SH_DOWN
1810,1810_3848_MS_UP
1810,1810_3848_MS_DOWN
1810,1810_3849_MS_UP
1810,1810_3849_MS_DOWN
1850,1850_3856_SUN_UP
1850,1850_3856_SUN_DOWN
1840,1840_3854_MS&HOL_UP
1840,1840_3854_MS&HOL_DOWN
1800,1800_3843_MS_UP
1800,1800_3843_MS_DOWN
811,0811_3798_MS_UP
811,0811_3798_MS_DOWN
1850,1850_3857_MF_UP
1850,1850_3857_MF_DOWN
1850,1850_3858_SAT&HOL_UP
1850,1850_3858_SAT&HOL_DOWN
2114,2114_3869_SH_UP
2114,2114_3869_SH_DOWN
2114,2114_3870_MS_UP
2114,2114_3870_MS_DOWN
2114,2114_3874_MS_UP
2114,2114_3874_MS_DOWN
150,0150_3895_MS_UP
150,0150_3895_MS_DOWN
2720,2720_3911_MS_UP
2720,2720_3911_MS_DOWN
2720,2720_3912_SH_UP
2720,2720_3912_SH_DOWN
2884,2884_3860_SUN_UP
2884,2884_3860_SUN_DOWN
2884,2884_3861_MS&HOL_UP
2884,2884_3861_MS&HOL_DOWN
2054,2054_3862_SUN_UP
2054,2054_3862_SUN_DOWN
2054,2054_3863_HOL_UP
2054,2054_3863_HOL_DOWN
2054,2054_3864_MS_UP
2054,2054_3864_MS_DOWN
2114,2114_3872_MS_UP
2114,2114_3872_MS_DOWN
6284,6284_3868_MS_UP
6284,6284_3868_MS_DOWN
2114,2114_3873_SH_UP
2114,2114_3873_SH_DOWN
526,0526_3883_FW_UP
526,0526_3883_FW_DOWN
37,0037_3876_SUN_UP
37,0037_3876_SUN_DOWN
37,0037_3875_SUN_UP
37,0037_3875_SUN_DOWN
37,0037_3877_HOL_UP
37,0037_3877_HOL_DOWN
37,0037_3878_HOL_UP
37,0037_3878_HOL_DOWN
37,0037_3879_MF_UP
37,0037_3879_MF_DOWN
37,0037_3882_SAT_UP
37,0037_3882_SAT_DOWN
17,0017_3884_MF_UP
17,0017_3884_MF_DOWN
150,0150_3897_MS_UP
150,0150_3897_MS_DOWN
17,0017_3885_MF_UP
17,0017_3885_MF_DOWN
17,0017_3886_SAT_UP
17,0017_3886_SAT_DOWN
17,0017_3887_SAT_UP
17,0017_3887_SAT_DOWN
17,0017_3890_MF_UP
17,0017_3890_MF_DOWN
17,0017_3891_SAT_UP
17,0017_3891_SAT_DOWN
150,0150_3901_MS_UP
150,0150_3901_MS_DOWN
17,0017_3892_HOL_UP
17,0017_3892_HOL_DOWN
17,0017_3893_HOL_UP
17,0017_3893_HOL_DOWN
140,0140_3903_SUN_UP
140,0140_3903_SUN_DOWN
150,0150_3899_SH_UP
150,0150_3899_SH_DOWN
150,0150_3900_SH_UP
150,0150_3900_SH_DOWN
150,0150_3902_MS_UP
150,0150_3902_MS_DOWN
47,0047_3908_MS_UP
47,0047_3908_MS_DOWN
47,0047_3907_SAT&HOL_UP
47,0047_3907_SAT&HOL_DOWN
97,0097_3910_MS_UP
97,0097_3910_MS_DOWN
140,0140_3904_HOL_UP
140,0140_3904_HOL_DOWN
140,0140_3905_MS_UP
140,0140_3905_MS_DOWN
2114,2114_3871_SH_UP
2114,2114_3871_SH_DOWN
7061,7061_3925_SH_UP
7061,7061_3925_SH_DOWN
150,0150_3896_SH_UP
150,0150_3896_SH_DOWN
2054,2054_3865_MS_UP
2054,2054_3865_MS_DOWN
1044,1044_3927_SUN_UP
1044,1044_3927_SUN_DOWN
1044,1044_3928_HOL_UP
1044,1044_3928_HOL_DOWN
1044,1044_3929_MS_UP
1044,1044_3929_MS_DOWN
3981,3981_3935_MS_UP
3981,3981_3935_MS_DOWN
3981,3981_3939_HOL_UP
3981,3981_3939_HOL_DOWN
171,0171_3947_MS_UP
171,0171_3947_MS_DOWN
4781,4781_3948_FW_UP
4781,4781_3948_FW_DOWN
5121,5121_3949_FW_UP
5121,5121_3949_FW_DOWN
3220,3220_3952_FW_UP
3220,3220_3952_FW_DOWN
3200,3200_3957_SUN_UP
3200,3200_3957_SUN_DOWN
3200,3200_3958_HOL_UP
3200,3200_3958_HOL_DOWN
3200,3200_3959_MS_UP
3200,3200_3959_MS_DOWN
3270,3270_3963_HOL_UP
3270,3270_3963_HOL_DOWN
3270,3270_3964_MS_UP
3270,3270_3964_MS_DOWN
3240,3240_3965_SH_UP
3240,3240_3965_SH_DOWN
3250,3250_3967_MS_UP
3250,3250_3967_MS_DOWN
3250,3250_3968_SH_UP
3250,3250_3968_SH_DOWN
3280,3280_3970_MS_UP
3280,3280_3970_MS_DOWN
3290,3290_3972_MS_UP
3290,3290_3972_MS_DOWN
2010,2010_3975_SH_UP
2010,2010_3975_SH_DOWN
801,0801_3930_SH_UP
801,0801_3930_SH_DOWN
3981,3981_3938_SUN_UP
3981,3981_3938_SUN_DOWN
801,0801_3933_SH_UP
801,0801_3933_SH_DOWN
801,0801_3934_SH_UP
801,0801_3934_SH_DOWN
3981,3981_3936_MS_UP
3981,3981_3936_MS_DOWN
3981,3981_3937_MS_UP
3981,3981_3937_MS_DOWN
5071,5071_3944_SH_UP
5071,5071_3944_SH_DOWN
201,0201_3941_MS_UP
201,0201_3941_MS_DOWN
201,0201_3940_SH_UP
201,0201_3940_SH_DOWN
5071,5071_3942_SH_UP
5071,5071_3942_SH_DOWN
171,0171_3946_HOL_UP
171,0171_3946_HOL_DOWN
5121,5121_3950_FW_UP
5121,5121_3950_FW_DOWN
3230,3230_3954_SUN_UP
3230,3230_3954_SUN_DOWN
5121,5121_3951_FW_UP
5121,5121_3951_FW_DOWN
3220,3220_3953_FW_UP
3220,3220_3953_FW_DOWN
3230,3230_3955_HOL_UP
3230,3230_3955_HOL_DOWN
3260,3260_3960_SH_UP
3260,3260_3960_SH_DOWN
3280,3280_3969_SH_UP
3280,3280_3969_SH_DOWN
3230,3230_3956_MS_UP
3230,3230_3956_MS_DOWN
2030,2030_3984_MS_UP
2030,2030_3984_MS_DOWN
3240,3240_3966_MS_UP
3240,3240_3966_MS_DOWN
2010,2010_3976_MS_UP
2010,2010_3976_MS_DOWN
3290,3290_3971_SH_UP
3290,3290_3971_SH_DOWN
2010,2010_3978_MF_UP
2010,2010_3978_MF_DOWN
7181,7181_3973_MS&HOL_UP
7181,7181_3973_MS&HOL_DOWN
7181,7181_3974_SUN_UP
7181,7181_3974_SUN_DOWN
2010,2010_3979_SAT_UP
2010,2010_3979_SAT_DOWN
2000,2000_3980_SH_UP
2000,2000_3980_SH_DOWN
2030,2030_3983_SH_UP
2030,2030_3983_SH_DOWN
2030,2030_3985_MS_UP
2030,2030_3985_MS_DOWN
2000,2000_3981_MS_UP
2000,2000_3981_MS_DOWN
2030,2030_3988_SH_UP
2030,2030_3988_SH_DOWN
2030,2030_3986_MS_UP
2030,2030_3986_MS_DOWN
2030,2030_3987_MS_UP
2030,2030_3987_MS_DOWN
3260,3260_3961_MS_UP
3260,3260_3961_MS_DOWN
2070,2070_3995_MS_UP
2070,2070_3995_MS_DOWN
2060,2060_4000_MS_UP
2060,2060_4000_MS_DOWN
2080,2080_4001_SH_UP
2080,2080_4001_SH_DOWN
2080,2080_4002_MS_UP
2080,2080_4002_MS_DOWN
324,0324_4012_MS_UP
324,0324_4012_MS_DOWN
760,0760_4013_MF_UP
760,0760_4013_MF_DOWN
760,0760_4014_SAT_UP
760,0760_4014_SAT_DOWN
81,0081_4043_MS_UP
81,0081_4043_MS_DOWN
6080,6080_4054_MS_UP
6080,6080_4054_MS_DOWN
2030,2030_3992_SH_UP
2030,2030_3992_SH_DOWN
2070,2070_3997_MS_UP
2070,2070_3997_MS_DOWN
2080,2080_4003_SH_UP
2080,2080_4003_SH_DOWN
2070,2070_3994_HOL_UP
2070,2070_3994_HOL_DOWN
2070,2070_3996_SUN_UP
2070,2070_3996_SUN_DOWN
2080,2080_4004_SH_UP
2080,2080_4004_SH_DOWN
5181,5181_4007_SH_UP
5181,5181_4007_SH_DOWN
2080,2080_4006_MS_UP
2080,2080_4006_MS_DOWN
760,0760_4015_SUN_UP
760,0760_4015_SUN_DOWN
760,0760_4017_MF_UP
760,0760_4017_MF_DOWN
4881,4881_4009_SH_UP
4881,4881_4009_SH_DOWN
5181,5181_4008_MS_UP
5181,5181_4008_MS_DOWN
4881,4881_4010_MS_UP
4881,4881_4010_MS_DOWN
740,0740_4022_MS_UP
740,0740_4022_MS_DOWN
760,0760_4018_SAT_UP
760,0760_4018_SAT_DOWN
760,0760_4019_SAT_UP
760,0760_4019_SAT_DOWN
710,0710_4023_MS_UP
710,0710_4023_MS_DOWN
710,0710_4024_MS_UP
710,0710_4024_MS_DOWN
931,0931_4029_MS&HOL_UP
931,0931_4029_MS&HOL_DOWN
750,0750_4020_SAT/SH_UP
750,0750_4020_SAT/SH_DOWN
750,0750_4021_MF_UP
750,0750_4021_MF_DOWN
700,0700_4026_MS_UP
700,0700_4026_MS_DOWN
931,0931_4030_MS&HOL_UP
931,0931_4030_MS&HOL_DOWN
931,0931_4031_MS&HOL_UP
931,0931_4031_MS&HOL_DOWN
931,0931_4032_MS&HOL_UP
931,0931_4032_MS&HOL_DOWN
931,0931_4028_MS&HOL_UP
931,0931_4028_MS&HOL_DOWN
931,0931_4034_SUN_UP
931,0931_4034_SUN_DOWN
790,0790_4037_SH_UP
790,0790_4037_SH_DOWN
790,0790_4039_MS_UP
790,0790_4039_MS_DOWN
81,0081_4045_MS_UP
81,0081_4045_MS_DOWN
4407,4407_4041_SH_UP
4407,4407_4041_SH_DOWN
790,0790_4035_SH_UP
790,0790_4035_SH_DOWN
790,0790_4036_MS_UP
790,0790_4036_MS_DOWN
3904,3904_4042_FW_UP
3904,3904_4042_FW_DOWN
81,0081_4046_MS_UP
81,0081_4046_MS_DOWN
81,0081_4047_SH_UP
81,0081_4047_SH_DOWN
606,0606_4052_FW_UP
606,0606_4052_FW_DOWN
6080,6080_4053_SH_UP
6080,6080_4053_SH_DOWN
81,0081_4044_SH_UP
81,0081_4044_SH_DOWN
7015,7015_4050_HOL_UP
7015,7015_4050_HOL_DOWN
6640,6640_4055_FW_UP
6640,6640_4055_FW_DOWN
5211,5211_4391_MS&HOL_UP
5211,5211_4391_MS&HOL_DOWN
7015,7015_4051_MS_UP
7015,7015_4051_MS_DOWN
2060,2060_3998_SUN_UP
2060,2060_3998_SUN_DOWN
2060,2060_3999_HOL_UP
2060,2060_3999_HOL_DOWN
2030,2030_3993_SH_UP
2030,2030_3993_SH_DOWN
1554,1554_4060_MS_UP
1554,1554_4060_MS_DOWN
3751,3751_4061_SH_UP
3751,3751_4061_SH_DOWN
3751,3751_4062_MS_UP
3751,3751_4062_MS_DOWN
5031,5031_4063_FW_UP
5031,5031_4063_FW_DOWN
2524,2524_4074_SUN_UP
2524,2524_4074_SUN_DOWN
2524,2524_4075_HOL_UP
2524,2524_4075_HOL_DOWN
2524,2524_4076_MS_UP
2524,2524_4076_MS_DOWN
1210,1210_4079_SUN_UP
1210,1210_4079_SUN_DOWN
1210,1210_4080_HOL_UP
1210,1210_4080_HOL_DOWN
1240,1240_4092_MS_UP
1240,1240_4092_MS_DOWN
1260,1260_4097_SUN_UP
1260,1260_4097_SUN_DOWN
1260,1260_4098_HOL_UP
1260,1260_4098_HOL_DOWN
1260,1260_4099_MS_UP
1260,1260_4099_MS_DOWN
221,0221_4111_MS_UP
221,0221_4111_MS_DOWN
661,0661_4057_FW_UP
661,0661_4057_FW_DOWN
748,0748_4064_MS&HOL_UP
748,0748_4064_MS&HOL_DOWN
1554,1554_4058_SUN_UP
1554,1554_4058_SUN_DOWN
1554,1554_4059_HOL_UP
1554,1554_4059_HOL_DOWN
4911,4911_4072_SUN_UP
4911,4911_4072_SUN_DOWN
2464,2464_4067_MF_UP
2464,2464_4067_MF_DOWN
2464,2464_4068_SAT_UP
2464,2464_4068_SAT_DOWN
161,0161_4069_FW_UP
161,0161_4069_FW_DOWN
1220,1220_4085_MF_UP
1220,1220_4085_MF_DOWN
4911,4911_4070_SUN_UP
4911,4911_4070_SUN_DOWN
4911,4911_4071_MS&HOL_UP
4911,4911_4071_MS&HOL_DOWN
4911,4911_4073_MS&HOL_UP
4911,4911_4073_MS&HOL_DOWN
1220,1220_4083_HOL_UP
1220,1220_4083_HOL_DOWN
3091,3091_4077_FW_UP
3091,3091_4077_FW_DOWN
1220,1220_4087_HOL_UP
1220,1220_4087_HOL_DOWN
1230,1230_4088_SUN_UP
1230,1230_4088_SUN_DOWN
1240,1240_4094_MS_UP
1240,1240_4094_MS_DOWN
1260,1260_4100_SUN_UP
1260,1260_4100_SUN_DOWN
1230,1230_4089_HOL_UP
1230,1230_4089_HOL_DOWN
1230,1230_4090_MS_UP
1230,1230_4090_MS_DOWN
1240,1240_4091_SH_UP
1240,1240_4091_SH_DOWN
1250,1250_4095_SH_UP
1250,1250_4095_SH_DOWN
1260,1260_4101_SUN_UP
1260,1260_4101_SUN_DOWN
1250,1250_4096_MS_UP
1250,1250_4096_MS_DOWN
221,0221_4108_SH_UP
221,0221_4108_SH_DOWN
1260,1260_4103_MS_UP
1260,1260_4103_MS_DOWN
1260,1260_4105_SUN_UP
1260,1260_4105_SUN_DOWN
1260,1260_4106_HOL_UP
1260,1260_4106_HOL_DOWN
1260,1260_4107_MS_UP
1260,1260_4107_MS_DOWN
5451,5451_4116_MS&HOL_UP
5451,5451_4116_MS&HOL_DOWN
126,0126_4112_SUN_UP
126,0126_4112_SUN_DOWN
5451,5451_4118_SUN_UP
5451,5451_4118_SUN_DOWN
221,0221_4109_MS_UP
221,0221_4109_MS_DOWN
221,0221_4110_SH_UP
221,0221_4110_SH_DOWN
5451,5451_4115_MS&HOL_UP
5451,5451_4115_MS&HOL_DOWN
5451,5451_4114_SUN_UP
5451,5451_4114_SUN_DOWN
4981,4981_4119_FW_UP
4981,4981_4119_FW_DOWN
4150,4150_4120_SUN_UP
4150,4150_4120_SUN_DOWN
1210,1210_4082_SAT_UP
1210,1210_4082_SAT_DOWN
1220,1220_4084_MS_UP
1220,1220_4084_MS_DOWN
4160,4160_4129_MS_UP
4160,4160_4129_MS_DOWN
4100,4100_4133_MS_UP
4100,4100_4133_MS_DOWN
4110,4110_4135_MS_UP
4110,4110_4135_MS_DOWN
4120,4120_4136_FW_UP
4120,4120_4136_FW_DOWN
3961,3961_4141_MS_UP
3961,3961_4141_MS_DOWN
3991,3991_4145_MS_UP
3991,3991_4145_MS_DOWN
3190,3190_4148_SUN_UP
3190,3190_4148_SUN_DOWN
3190,3190_4149_HOL_UP
3190,3190_4149_HOL_DOWN
3190,3190_4150_MS_UP
3190,3190_4150_MS_DOWN
3130,3130_4158_MS_UP
3130,3130_4158_MS_DOWN
3100,3100_4165_MS_UP
3100,3100_4165_MS_DOWN
5251,5251_4167_HOL_UP
5251,5251_4167_HOL_DOWN
5251,5251_4168_MS_UP
5251,5251_4168_MS_DOWN
4160,4160_4127_SUN_UP
4160,4160_4127_SUN_DOWN
4130,4130_4139_MS_UP
4130,4130_4139_MS_DOWN
4160,4160_4128_HOL_UP
4160,4160_4128_HOL_DOWN
4100,4100_4131_SUN_UP
4100,4100_4131_SUN_DOWN
4170,4170_4130_FW_UP
4170,4170_4130_FW_DOWN
4100,4100_4132_HOL_UP
4100,4100_4132_HOL_DOWN
4130,4130_4137_SH_UP
4130,4130_4137_SH_DOWN
4130,4130_4138_SH_UP
4130,4130_4138_SH_DOWN
3961,3961_4140_SH_UP
3961,3961_4140_SH_DOWN
3991,3991_4146_SH_UP
3991,3991_4146_SH_DOWN
4190,4190_4143_MS_UP
4190,4190_4143_MS_DOWN
4190,4190_4142_SH_UP
4190,4190_4142_SH_DOWN
3991,3991_4144_SH_UP
3991,3991_4144_SH_DOWN
616,0616_4154_MS_UP
616,0616_4154_MS_DOWN
3180,3180_4152_MS_UP
3180,3180_4152_MS_DOWN
3180,3180_4153_MS_UP
3180,3180_4153_MS_DOWN
3130,3130_4157_SH_UP
3130,3130_4157_SH_DOWN
5251,5251_4169_SUN_UP
5251,5251_4169_SUN_DOWN
616,0616_4155_SH_UP
616,0616_4155_SH_DOWN
3130,3130_4156_SH_UP
3130,3130_4156_SH_DOWN
3120,3120_4160_SH_UP
3120,3120_4160_SH_DOWN
5251,5251_4171_MS_UP
5251,5251_4171_MS_DOWN
3120,3120_4161_MS_UP
3120,3120_4161_MS_DOWN
3100,3100_4163_SUN_UP
3100,3100_4163_SUN_DOWN
3110,3110_4162_FW_UP
3110,3110_4162_FW_DOWN
3100,3100_4164_HOL_UP
3100,3100_4164_HOL_DOWN
3160,3160_4174_MF_UP
3160,3160_4174_MF_DOWN
5251,5251_4166_SUN_UP
5251,5251_4166_SUN_DOWN
5251,5251_4173_SUN_UP
5251,5251_4173_SUN_DOWN
3160,3160_4175_SH_UP
3160,3160_4175_SH_DOWN
3140,3140_4179_MS_UP
3140,3140_4179_MS_DOWN
3150,3150_4177_SH_UP
3150,3150_4177_SH_DOWN
3140,3140_4180_MS_UP
3140,3140_4180_MS_DOWN
3160,3160_4176_SAT_UP
3160,3160_4176_SAT_DOWN
301,0301_4182_SH_UP
301,0301_4182_SH_DOWN
3140,3140_4181_MS_UP
3140,3140_4181_MS_DOWN
2454,2454_4184_SH_UP
2454,2454_4184_SH_DOWN
301,0301_4183_MS_UP
301,0301_4183_MS_DOWN
2454,2454_4185_MS_UP
2454,2454_4185_MS_DOWN
4150,4150_4123_SAT_UP
4150,4150_4123_SAT_DOWN
4691,4691_4186_FW_UP
4691,4691_4186_FW_DOWN
4150,4150_4125_HOL_UP
4150,4150_4125_HOL_DOWN
4150,4150_4126_HOL_UP
4150,4150_4126_HOL_DOWN
5131,5131_4187_FW_UP
5131,5131_4187_FW_DOWN
3660,3660_4224_MS_UP
3660,3660_4224_MS_DOWN
3670,3670_4225_FW_UP
3670,3670_4225_FW_DOWN
3600,3600_4235_SH_UP
3600,3600_4235_SH_DOWN
3600,3600_4236_MS_UP
3600,3600_4236_MS_DOWN
3610,3610_4237_SH_UP
3610,3610_4237_SH_DOWN
3610,3610_4238_MS_UP
3610,3610_4238_MS_DOWN
3561,3561_4248_MS_UP
3561,3561_4248_MS_DOWN
3800,3800_4255_SUN_UP
3800,3800_4255_SUN_DOWN
11,0011_4190_SH_UP
11,0011_4190_SH_DOWN
11,0011_4191_MS_UP
11,0011_4191_MS_DOWN
11,0011_4192_SH_UP
11,0011_4192_SH_DOWN
138,0138_4194_MF_UP
138,0138_4194_MF_DOWN
138,0138_4196_HOL_UP
138,0138_4196_HOL_DOWN
138,0138_4198_HOL_UP
138,0138_4198_HOL_DOWN
3082,3082_4205_HOL_UP
3082,3082_4205_HOL_DOWN
138,0138_4199_MF_UP
138,0138_4199_MF_DOWN
138,0138_4200_SAT_UP
138,0138_4200_SAT_DOWN
138,0138_4201_SAT_UP
138,0138_4201_SAT_DOWN
3082,3082_4203_MS_UP
3082,3082_4203_MS_DOWN
101,0101_4208_MS_UP
101,0101_4208_MS_DOWN
30,0030_4213_SUN_UP
30,0030_4213_SUN_DOWN
30,0030_4214_HOL_UP
30,0030_4214_HOL_DOWN
30,0030_4209_SUN_UP
30,0030_4209_SUN_DOWN
30,0030_4215_MF_UP
30,0030_4215_MF_DOWN
30,0030_4210_HOL_UP
30,0030_4210_HOL_DOWN
30,0030_4211_MF_UP
30,0030_4211_MF_DOWN
30,0030_4212_SAT_UP
30,0030_4212_SAT_DOWN
30,0030_4218_MF_UP
30,0030_4218_MF_DOWN
30,0030_4219_SAT_UP
30,0030_4219_SAT_DOWN
3660,3660_4223_SH_UP
3660,3660_4223_SH_DOWN
3620,3620_4232_SH_UP
3620,3620_4232_SH_DOWN
3620,3620_4233_MS_UP
3620,3620_4233_MS_DOWN
3610,3610_4239_SH_UP
3610,3610_4239_SH_DOWN
3561,3561_4246_SH_UP
3561,3561_4246_SH_DOWN
3640,3640_4227_MS_UP
3640,3640_4227_MS_DOWN
3650,3650_4228_SH_UP
3650,3650_4228_SH_DOWN
3650,3650_4229_MS_UP
3650,3650_4229_MS_DOWN
3620,3620_4230_SH_UP
3620,3620_4230_SH_DOWN
3620,3620_4231_MS_UP
3620,3620_4231_MS_DOWN
3474,3474_4242_MS&HOL_UP
3474,3474_4242_MS&HOL_DOWN
3561,3561_4247_SH_UP
3561,3561_4247_SH_DOWN
3561,3561_4250_MS_UP
3561,3561_4250_MS_DOWN
3630,3630_4234_FW_UP
3630,3630_4234_FW_DOWN
3561,3561_4251_SH_UP
3561,3561_4251_SH_DOWN
3474,3474_4241_SUN_UP
3474,3474_4241_SUN_DOWN
4841,4841_4244_MS&HOL_UP
4841,4841_4244_MS&HOL_DOWN
4841,4841_4243_SUN_UP
4841,4841_4243_SUN_DOWN
3561,3561_4245_SH_UP
3561,3561_4245_SH_DOWN
3561,3561_4254_MS_UP
3561,3561_4254_MS_DOWN
101,0101_4207_MS_UP
101,0101_4207_MS_DOWN
138,0138_4193_HOL_UP
138,0138_4193_HOL_DOWN
3810,3810_4261_MS_UP
3810,3810_4261_MS_DOWN
3830,3830_4266_MS_UP
3830,3830_4266_MS_DOWN
3860,3860_4275_MS&HOL_UP
3860,3860_4275_MS&HOL_DOWN
3870,3870_4276_FW_UP
3870,3870_4276_FW_DOWN
2901,2901_4286_MS_UP
2901,2901_4286_MS_DOWN
1510,1510_4291_HOL_UP
1510,1510_4291_HOL_DOWN
1510,1510_4292_MS_UP
1510,1510_4292_MS_DOWN
2894,2894_4299_MS_UP
2894,2894_4299_MS_DOWN
600,0600_4300_FW_UP
600,0600_4300_FW_DOWN
610,0610_4302_MS_UP
610,0610_4302_MS_DOWN
2590,2590_4313_MS_UP
2590,2590_4313_MS_DOWN
3810,3810_4263_SH_UP
3810,3810_4263_SH_DOWN
3800,3800_4260_MS&HOL_UP
3800,3800_4260_MS&HOL_DOWN
3810,3810_4262_MS_UP
3810,3810_4262_MS_DOWN
3810,3810_4264_SH_UP
3810,3810_4264_SH_DOWN
3830,3830_4267_SH_UP
3830,3830_4267_SH_DOWN
3840,3840_4270_MS&HOL_UP
3840,3840_4270_MS&HOL_DOWN
3830,3830_4268_MS_UP
3830,3830_4268_MS_DOWN
3850,3850_4273_MS_UP
3850,3850_4273_MS_DOWN
436,0436_4280_MS_UP
436,0436_4280_MS_DOWN
3840,3840_4269_SUN_UP
3840,3840_4269_SUN_DOWN
5141,5141_4282_MS&HOL_UP
5141,5141_4282_MS&HOL_DOWN
3850,3850_4272_MS_UP
3850,3850_4272_MS_DOWN
2261,2261_4290_MS_UP
2261,2261_4290_MS_DOWN
436,0436_4277_SH_UP
436,0436_4277_SH_DOWN
3860,3860_4274_SUN_UP
3860,3860_4274_SUN_DOWN
436,0436_4278_MS_UP
436,0436_4278_MS_DOWN
2261,2261_4287_SH_UP
2261,2261_4287_SH_DOWN
1510,1510_4293_HOL_UP
1510,1510_4293_HOL_DOWN
1510,1510_4295_HOL_UP
1510,1510_4295_HOL_DOWN
2572,2572_4283_SH_UP
2572,2572_4283_SH_DOWN
2572,2572_4284_MS_UP
2572,2572_4284_MS_DOWN
2901,2901_4285_SH_UP
2901,2901_4285_SH_DOWN
2894,2894_4298_HOL_UP
2894,2894_4298_HOL_DOWN
2261,2261_4288_MS_UP
2261,2261_4288_MS_DOWN
1510,1510_4296_MS_UP
1510,1510_4296_MS_DOWN
610,0610_4303_MS_UP
610,0610_4303_MS_DOWN
610,0610_4304_HOL_UP
610,0610_4304_HOL_DOWN
610,0610_4305_MS_UP
610,0610_4305_MS_DOWN
610,0610_4308_SUN_UP
610,0610_4308_SUN_DOWN
610,0610_4301_HOL_UP
610,0610_4301_HOL_DOWN
610,0610_4307_SUN_UP
610,0610_4307_SUN_DOWN
2590,2590_4314_MS_UP
2590,2590_4314_MS_DOWN
640,0640_4318_SAT_UP
640,0640_4318_SAT_DOWN
640,0640_4317_MF_UP
640,0640_4317_MF_DOWN
650,0650_4322_MS_UP
650,0650_4322_MS_DOWN
650,0650_4323_MS_UP
650,0650_4323_MS_DOWN
2590,2590_4312_SH_UP
2590,2590_4312_SH_DOWN
640,0640_4315_MF_UP
640,0640_4315_MF_DOWN
640,0640_4316_SH_UP
640,0640_4316_SH_DOWN
640,0640_4319_SAT_UP
640,0640_4319_SAT_DOWN
3800,3800_4257_SUN_UP
3800,3800_4257_SUN_DOWN
5141,5141_4281_MS&HOL_UP
5141,5141_4281_MS&HOL_DOWN
660,0660_4325_HOL_UP
660,0660_4325_HOL_DOWN
660,0660_4330_SUN_UP
660,0660_4330_SUN_DOWN
670,0670_4334_MS_UP
670,0670_4334_MS_DOWN
2530,2530_4344_MS_UP
2530,2530_4344_MS_DOWN
2510,2510_4349_SH_UP
2510,2510_4349_SH_DOWN
2510,2510_4350_MS_UP
2510,2510_4350_MS_DOWN
2560,2560_4351_MS_UP
2560,2560_4351_MS_DOWN
2560,2560_4352_SUN_UP
2560,2560_4352_SUN_DOWN
2560,2560_4353_HOL_UP
2560,2560_4353_HOL_DOWN
2424,2424_4360_SUN_UP
2424,2424_4360_SUN_DOWN
2424,2424_4361_HOL_UP
2424,2424_4361_HOL_DOWN
2424,2424_4362_MS_UP
2424,2424_4362_MS_DOWN
1690,1690_4379_SH_UP
1690,1690_4379_SH_DOWN
1690,1690_4380_MS_UP
1690,1690_4380_MS_DOWN
5211,5211_4382_SUN_UP
5211,5211_4382_SUN_DOWN
5211,5211_4383_MS&HOL_UP
5211,5211_4383_MS&HOL_DOWN
660,0660_4328_SUN_UP
660,0660_4328_SUN_DOWN
670,0670_4337_SH_UP
670,0670_4337_SH_DOWN
660,0660_4329_MS_UP
660,0660_4329_MS_DOWN
660,0660_4331_HOL_UP
660,0660_4331_HOL_DOWN
670,0670_4333_SH_UP
670,0670_4333_SH_DOWN
670,0670_4335_SH_UP
670,0670_4335_SH_DOWN
680,0680_4342_SH_UP
680,0680_4342_SH_DOWN
680,0680_4340_MF_UP
680,0680_4340_MF_DOWN
680,0680_4341_SAT_UP
680,0680_4341_SAT_DOWN
680,0680_4338_MF_UP
680,0680_4338_MF_DOWN
2530,2530_4345_SH_UP
2530,2530_4345_SH_DOWN
2530,2530_4346_MS_UP
2530,2530_4346_MS_DOWN
1560,1560_4365_MS_UP
1560,1560_4365_MS_DOWN
2530,2530_4343_SH_UP
2530,2530_4343_SH_DOWN
2500,2500_4348_MS&HOL_UP
2500,2500_4348_MS&HOL_DOWN
1560,1560_4363_SUN_UP
1560,1560_4363_SUN_DOWN
4630,4630_4372_SH_UP
4630,4630_4372_SH_DOWN
2500,2500_4347_SUN_UP
2500,2500_4347_SUN_DOWN
2540,2540_4356_HOL_UP
2540,2540_4356_HOL_DOWN
1830,1830_4366_MS_UP
1830,1830_4366_MS_DOWN
2540,2540_4357_MS_UP
2540,2540_4357_MS_DOWN
1560,1560_4364_HOL_UP
1560,1560_4364_HOL_DOWN
7001,7001_4358_SH_UP
7001,7001_4358_SH_DOWN
7001,7001_4359_MS_UP
7001,7001_4359_MS_DOWN
1824,1824_4367_MS_UP
1824,1824_4367_MS_DOWN
6300,6300_4368_FW_UP
6300,6300_4368_FW_DOWN
6320,6320_4371_FW_UP
6320,6320_4371_FW_DOWN
5211,5211_4384_SUN_UP
5211,5211_4384_SUN_DOWN
1690,1690_4381_FW_UP
1690,1690_4381_FW_DOWN
5211,5211_4386_SUN_UP
5211,5211_4386_SUN_DOWN
5211,5211_4388_SUN_UP
5211,5211_4388_SUN_DOWN
4630,4630_4373_MS_UP
4630,4630_4373_MS_DOWN
4620,4620_4374_SH_UP
4620,4620_4374_SH_DOWN
1680,1680_4376_SUN_UP
1680,1680_4376_SUN_DOWN
4620,4620_4375_MS_UP
4620,4620_4375_MS_DOWN
1680,1680_4377_HOL_UP
1680,1680_4377_HOL_DOWN
1680,1680_4378_MS_UP
1680,1680_4378_MS_DOWN
660,0660_4326_MS_UP
660,0660_4326_MS_DOWN
1650,1650_4392_SH_UP
1650,1650_4392_SH_DOWN
1650,1650_4393_MS_UP
1650,1650_4393_MS_DOWN
1620,1620_4398_HOL_UP
1620,1620_4398_HOL_DOWN
1620,1620_4399_MF_UP
1620,1620_4399_MF_DOWN
1620,1620_4400_SAT_UP
1620,1620_4400_SAT_DOWN
2804,2804_4411_MF_UP
2804,2804_4411_MF_DOWN
2804,2804_4412_SAT&HOL_UP
2804,2804_4412_SAT&HOL_DOWN
2804,2804_4413_SUN_UP
2804,2804_4413_SUN_DOWN
4091,4091_4421_SUN_UP
4091,4091_4421_SUN_DOWN
4091,4091_4422_HOL_UP
4091,4091_4422_HOL_DOWN
4091,4091_4423_MS_UP
4091,4091_4423_MS_DOWN
90,0090_4425_MS_UP
90,0090_4425_MS_DOWN
4401,4401_4430_SUN_UP
4401,4401_4430_SUN_DOWN
6224,6224_4434_MS_UP
6224,6224_4434_MS_DOWN
2734,2734_4444_FW_UP
2734,2734_4444_FW_DOWN
2734,2734_4449_MS_UP
2734,2734_4449_MS_DOWN
5231,5231_4453_HOL_UP
5231,5231_4453_HOL_DOWN
5231,5231_4454_MS_UP
5231,5231_4454_MS_DOWN
1610,1610_4395_SH_UP
1610,1610_4395_SH_DOWN
1610,1610_4396_MS_UP
1610,1610_4396_MS_DOWN
4891,4891_4401_SH_UP
4891,4891_4401_SH_DOWN
4891,4891_4402_MS_UP
4891,4891_4402_MS_DOWN
4601,4601_4403_S/H_UP
4601,4601_4403_S/H_DOWN
4601,4601_4404_MS_UP
4601,4601_4404_MS_DOWN
5037,5037_4408_HOL_UP
5037,5037_4408_HOL_DOWN
5037,5037_4407_SUN_UP
5037,5037_4407_SUN_DOWN
5057,5057_4406_MS_UP
5057,5057_4406_MS_DOWN
27,0027_4414_MS_UP
27,0027_4414_MS_DOWN
5037,5037_4409_MF_UP
5037,5037_4409_MF_DOWN
5037,5037_4410_SAT_UP
5037,5037_4410_SAT_DOWN
5221,5221_4417_FW_UP
5221,5221_4417_FW_DOWN
191,0191_4420_MS_UP
191,0191_4420_MS_DOWN
191,0191_4418_SH_UP
191,0191_4418_SH_DOWN
191,0191_4419_MS_UP
191,0191_4419_MS_DOWN
90,0090_4426_SH_UP
90,0090_4426_SH_DOWN
90,0090_4428_MS_UP
90,0090_4428_MS_DOWN
90,0090_4424_SH_UP
90,0090_4424_SH_DOWN
4401,4401_4431_HOL_UP
4401,4401_4431_HOL_DOWN
90,0090_4429_SH_UP
90,0090_4429_SH_DOWN
1634,1634_4438_MS&HOL_UP
1634,1634_4438_MS&HOL_DOWN
2734,2734_4443_MS_UP
2734,2734_4443_MS_DOWN
4401,4401_4432_MS_UP
4401,4401_4432_MS_DOWN
6224,6224_4433_SH_UP
6224,6224_4433_SH_DOWN
2734,2734_4442_HOL_UP
2734,2734_4442_HOL_DOWN
3132,3132_4435_SH_UP
3132,3132_4435_SH_DOWN
3132,3132_4436_MS_UP
3132,3132_4436_MS_DOWN
7051,"7051_4439_SAT,SUN&HOL_UP"
7051,"7051_4439_SAT,SUN&HOL_DOWN"
7051,7051_4440_MF_UP
7051,7051_4440_MF_DOWN
2734,2734_4445_SUN_UP
2734,2734_4445_SUN_DOWN
2734,2734_4446_FW_UP
2734,2734_4446_FW_DOWN
2734,2734_4451_HOL_UP
2734,2734_4451_HOL_DOWN
2734,2734_4448_HOL_UP
2734,2734_4448_HOL_DOWN
2734,2734_4450_MS_UP
2734,2734_4450_MS_DOWN
5231,5231_4452_SUN_UP
5231,5231_4452_SUN_DOWN
5057,5057_4405_SH_UP
5057,5057_4405_SH_DOWN
3570,3570_4458_MS_UP
3570,3570_4458_MS_DOWN
3540,3540_4465_SH_UP
3540,3540_4465_SH_DOWN
3530,3530_4468_MS_UP
3530,3530_4468_MS_DOWN
3520,3520_4469_SH_UP
3520,3520_4469_SH_DOWN
3520,3520_4470_MS_UP
3520,3520_4470_MS_DOWN
3510,3510_4473_MF_UP
3510,3510_4473_MF_DOWN
3510,3510_4474_SAT_UP
3510,3510_4474_SAT_DOWN
2120,2120_4484_SH_UP
2120,2120_4484_SH_DOWN
2810,2810_4510_SUN_UP
2810,2810_4510_SUN_DOWN
2810,2810_4511_MS&HOL_UP
2810,2810_4511_MS&HOL_DOWN
2820,2820_4514_HOL_UP
2820,2820_4514_HOL_DOWN
2820,2820_4515_MS_UP
2820,2820_4515_MS_DOWN
2870,2870_4518_SUN_UP
2870,2870_4518_SUN_DOWN
2870,2870_4519_HOL_UP
2870,2870_4519_HOL_DOWN
2870,2870_4520_MS_UP
2870,2870_4520_MS_DOWN
716,"0716_4462_SAT,SUN&HOL_UP"
716,"0716_4462_SAT,SUN&HOL_DOWN"
3540,3540_4466_MS_UP
3540,3540_4466_MS_DOWN
716,"0716_4460_SAT,SUN&HOL_UP"
716,"0716_4460_SAT,SUN&HOL_DOWN"
716,0716_4461_MF_UP
716,0716_4461_MF_DOWN
716,0716_4463_MF_UP
716,0716_4463_MF_DOWN
5241,5241_4482_FW_UP
5241,5241_4482_FW_DOWN
3887,3887_4479_MF_UP
3887,3887_4479_MF_DOWN
3530,3530_4467_SH_UP
3530,3530_4467_SH_DOWN
3510,3510_4472_HOL_UP
3510,3510_4472_HOL_DOWN
2160,2160_4477_MS_UP
2160,2160_4477_MS_DOWN
3500,3500_4475_FW_UP
3500,3500_4475_FW_DOWN
4531,4531_4476_FW_UP
4531,4531_4476_FW_DOWN
3887,3887_4478_SUN_UP
3887,3887_4478_SUN_DOWN
3887,3887_4480_SAT&HOL_UP
3887,3887_4480_SAT&HOL_DOWN
2130,2130_4487_SH_UP
2130,2130_4487_SH_DOWN
5241,5241_4481_FW_UP
5241,5241_4481_FW_DOWN
2130,2130_4486_MS_UP
2130,2130_4486_MS_DOWN
2130,2130_4488_MS_UP
2130,2130_4488_MS_DOWN
2130,2130_4485_SH_UP
2130,2130_4485_SH_DOWN
4971,4971_4489_FW_UP
4971,4971_4489_FW_DOWN
2180,2180_4491_MF_UP
2180,2180_4491_MF_DOWN
2180,2180_4492_MF_UP
2180,2180_4492_MF_DOWN
2180,2180_4493_MF_UP
2180,2180_4493_MF_DOWN
2180,2180_4495_MF_UP
2180,2180_4495_MF_DOWN
2820,2820_4513_SUN_UP
2820,2820_4513_SUN_DOWN
2180,2180_4496_SAT_UP
2180,2180_4496_SAT_DOWN
57,0057_4502_MF&HOL_UP
57,0057_4502_MF&HOL_DOWN
2190,2190_4498_SH_UP
2190,2190_4498_SH_DOWN
2190,2190_4499_SH_UP
2190,2190_4499_SH_DOWN
2190,2190_4497_MF_UP
2190,2190_4497_MF_DOWN
57,0057_4504_SAT_UP
57,0057_4504_SAT_DOWN
57,0057_4505_MF&HOL_UP
57,0057_4505_MF&HOL_DOWN
2190,2190_4500_SAT_UP
2190,2190_4500_SAT_DOWN
67,0067_4506_MS_UP
67,0067_4506_MS_DOWN
758,0758_4507_MS&HOL_UP
758,0758_4507_MS&HOL_DOWN
758,0758_4509_MS&HOL_UP
758,0758_4509_MS&HOL_DOWN
456,0456_4516_FW_UP
456,0456_4516_FW_DOWN
456,0456_4517_FW_UP
456,0456_4517_FW_DOWN
3050,3050_4649_MS_UP
3050,3050_4649_MS_DOWN
3570,3570_4459_FW_UP
3570,3570_4459_FW_DOWN
2860,2860_4521_SH_UP
2860,2860_4521_SH_DOWN
2860,2860_4522_MS_UP
2860,2860_4522_MS_DOWN
4441,4441_4524_MS_UP
4441,4441_4524_MS_DOWN
2610,2610_4529_SUN_UP
2610,2610_4529_SUN_DOWN
2610,2610_4530_MS&HOL_UP
2610,2610_4530_MS&HOL_DOWN
2660,2660_4533_SH_UP
2660,2660_4533_SH_DOWN
2660,2660_4534_MS_UP
2660,2660_4534_MS_DOWN
590,0590_4546_MS_UP
590,0590_4546_MS_DOWN
2964,2964_4550_MS_UP
2964,2964_4550_MS_DOWN
570,0570_4558_MS_UP
570,0570_4558_MS_DOWN
510,0510_4564_SH_UP
510,0510_4564_SH_DOWN
510,0510_4565_MS_UP
510,0510_4565_MS_DOWN
620,0620_4566_FW_UP
620,0620_4566_FW_DOWN
520,0520_4569_MF_UP
520,0520_4569_MF_DOWN
520,0520_4571_SAT_UP
520,0520_4571_SAT_DOWN
251,0251_4575_SUN_UP
251,0251_4575_SUN_DOWN
630,0630_4584_SH_UP
630,0630_4584_SH_DOWN
2650,2650_4536_MS&HOL_UP
2650,2650_4536_MS&HOL_DOWN
2630,2630_4528_MS&HOL_UP
2630,2630_4528_MS&HOL_DOWN
2610,2610_4531_SUN_UP
2610,2610_4531_SUN_DOWN
2610,2610_4532_MS&HOL_UP
2610,2610_4532_MS&HOL_DOWN
2640,2640_4537_SUN_UP
2640,2640_4537_SUN_DOWN
2640,2640_4538_MS&HOL_UP
2640,2640_4538_MS&HOL_DOWN
590,0590_4545_SH_UP
590,0590_4545_SH_DOWN
4701,4701_4539_FW_UP
4701,4701_4539_FW_DOWN
1674,1674_4541_SUN_UP
1674,1674_4541_SUN_DOWN
1674,1674_4542_HOL_UP
1674,1674_4542_HOL_DOWN
1674,1674_4543_MF_UP
1674,1674_4543_MF_DOWN
1674,1674_4544_SAT_UP
1674,1674_4544_SAT_DOWN
570,0570_4554_SUN_UP
570,0570_4554_SUN_DOWN
2964,2964_4549_SH_UP
2964,2964_4549_SH_DOWN
570,0570_4557_HOL_UP
570,0570_4557_HOL_DOWN
550,0550_4552_MF_UP
550,0550_4552_MF_DOWN
550,0550_4551_HOL_UP
550,0550_4551_HOL_DOWN
570,0570_4556_HOL_UP
570,0570_4556_HOL_DOWN
570,0570_4560_HOL_UP
570,0570_4560_HOL_DOWN
630,0630_4576_SH_UP
630,0630_4576_SH_DOWN
560,0560_4561_SUN_UP
560,0560_4561_SUN_DOWN
630,0630_4577_MS_UP
630,0630_4577_MS_DOWN
630,0630_4580_SH_UP
630,0630_4580_SH_DOWN
560,0560_4562_HOL_UP
560,0560_4562_HOL_DOWN
560,0560_4563_MS_UP
560,0560_4563_MS_DOWN
520,0520_4570_SH_UP
520,0520_4570_SH_DOWN
530,0530_4568_MS_UP
530,0530_4568_MS_DOWN
251,0251_4572_HOL_UP
251,0251_4572_HOL_DOWN
251,0251_4573_MF_UP
251,0251_4573_MF_DOWN
630,0630_4578_SH_UP
630,0630_4578_SH_DOWN
251,0251_4574_SAT_UP
251,0251_4574_SAT_DOWN
630,0630_4579_MS_UP
630,0630_4579_MS_DOWN
2650,2650_4535_SUN_UP
2650,2650_4535_SUN_DOWN
630,0630_4583_MS_UP
630,0630_4583_MS_DOWN
570,0570_4559_SUN_UP
570,0570_4559_SUN_DOWN
5517,5517_4526_MS&HOL_UP
5517,5517_4526_MS&HOL_DOWN
630,0630_4585_MS_UP
630,0630_4585_MS_DOWN
1100,1100_4593_MF_UP
1100,1100_4593_MF_DOWN
1100,1100_4594_SAT_UP
1100,1100_4594_SAT_DOWN
690,0690_4597_MS_UP
690,0690_4597_MS_DOWN
4591,4591_4601_MS_UP
4591,4591_4601_MS_DOWN
4220,4220_4618_MS_UP
4220,4220_4618_MS_DOWN
4250,4250_4619_SH_UP
4250,4250_4619_SH_DOWN
4250,4250_4620_MS_UP
4250,4250_4620_MS_DOWN
4240,4240_4623_MS_UP
4240,4240_4623_MS_DOWN
4260,4260_4626_SUN_UP
4260,4260_4626_SUN_DOWN
3020,3020_4636_SH_UP
3020,3020_4636_SH_DOWN
3030,3030_4638_MS_UP
3030,3030_4638_MS_DOWN
2844,2844_4587_SH_UP
2844,2844_4587_SH_DOWN
500,0500_4588_MF_UP
500,0500_4588_MF_DOWN
500,0500_4589_SH_UP
500,0500_4589_SH_DOWN
1100,1100_4592_HOL_UP
1100,1100_4592_HOL_DOWN
1100,1100_4591_SUN_UP
1100,1100_4591_SUN_DOWN
690,0690_4595_SUN_UP
690,0690_4595_SUN_DOWN
690,0690_4596_HOL_UP
690,0690_4596_HOL_DOWN
4591,4591_4599_SUN_UP
4591,4591_4599_SUN_DOWN
5011,5011_4612_MS_UP
5011,5011_4612_MS_DOWN
4591,4591_4600_HOL_UP
4591,4591_4600_HOL_DOWN
5001,5001_4604_SUN_UP
5001,5001_4604_SUN_DOWN
2574,2574_4602_SH_UP
2574,2574_4602_SH_DOWN
2574,2574_4603_MS_UP
2574,2574_4603_MS_DOWN
4290,4290_4606_SH_UP
4290,4290_4606_SH_DOWN
4290,4290_4607_MS_UP
4290,4290_4607_MS_DOWN
4280,4280_4608_MS&HOL_UP
4280,4280_4608_MS&HOL_DOWN
5011,5011_4609_SH_UP
5011,5011_4609_SH_DOWN
5011,5011_4610_MS_UP
5011,5011_4610_MS_DOWN
4210,4210_4615_MS_UP
4210,4210_4615_MS_DOWN
4210,4210_4613_MF_UP
4210,4210_4613_MF_DOWN
4240,4240_4624_MS_UP
4240,4240_4624_MS_DOWN
2784,2784_4630_SUN_UP
2784,2784_4630_SUN_DOWN
4220,4220_4616_SUN_UP
4220,4220_4616_SUN_DOWN
4220,4220_4617_HOL_UP
4220,4220_4617_HOL_DOWN
4240,4240_4621_SUN_UP
4240,4240_4621_SUN_DOWN
4240,4240_4622_HOL_UP
4240,4240_4622_HOL_DOWN
4260,4260_4627_MS&HOL_UP
4260,4260_4627_MS&HOL_DOWN
3080,3080_4629_MS_UP
3080,3080_4629_MS_DOWN
4270,4270_4625_FW_UP
4270,4270_4625_FW_DOWN
3080,3080_4628_MS_UP
3080,3080_4628_MS_DOWN
3030,3030_4639_MS_UP
3030,3030_4639_MS_DOWN
3030,3030_4640_SH_UP
3030,3030_4640_SH_DOWN
3010,3010_4632_SUN_UP
3010,3010_4632_SUN_DOWN
3010,3010_4633_HOL_UP
3010,3010_4633_HOL_DOWN
3020,3020_4635_MS_UP
3020,3020_4635_MS_DOWN
3010,3010_4634_MS_UP
3010,3010_4634_MS_DOWN
3030,3030_4637_SH_UP
3030,3030_4637_SH_DOWN
3030,3030_4641_MS_UP
3030,3030_4641_MS_DOWN
3030,3030_4643_SH_UP
3030,3030_4643_SH_DOWN
3030,3030_4645_SH_UP
3030,3030_4645_SH_DOWN
3050,3050_4648_SH_UP
3050,3050_4648_SH_DOWN
3050,3050_4647_SH_UP
3050,3050_4647_SH_DOWN
2604,2604_4598_FW_UP
2604,2604_4598_FW_DOWN
1324,1324_4664_MF_UP
1324,1324_4664_MF_DOWN
1324,1324_4665_SAT_UP
1324,1324_4665_SAT_DOWN
5041,5041_4667_MS_UP
5041,5041_4667_MS_DOWN
5051,5051_4676_SH_UP
5051,5051_4676_SH_DOWN
5051,5051_4677_MS_UP
5051,5051_4677_MS_DOWN
4961,4961_4690_HOL_UP
4961,4961_4690_HOL_DOWN
4961,4961_4691_MS_UP
4961,4961_4691_MS_DOWN
3881,3881_4696_MS_UP
3881,3881_4696_MS_DOWN
2354,2354_4700_MS_UP
2354,2354_4700_MS_DOWN
3731,3731_4706_MS_UP
3731,3731_4706_MS_DOWN
5061,5061_4709_MS_UP
5061,5061_4709_MS_DOWN
2290,2290_4725_MS_UP
2290,2290_4725_MS_DOWN
1324,1324_4662_SUN_UP
1324,1324_4662_SUN_DOWN
1324,1324_4663_HOL_UP
1324,1324_4663_HOL_DOWN
5041,5041_4666_SH_UP
5041,5041_4666_SH_DOWN
8021,8021_4685_MF_UP
8021,8021_4685_MF_DOWN
8031,8031_4683_MS_UP
8031,8031_4683_MS_DOWN
8031,8031_4684_MS_UP
8031,8031_4684_MS_DOWN
3881,3881_4694_SUN_UP
3881,3881_4694_SUN_DOWN
8021,8021_4687_SAT_UP
8021,8021_4687_SAT_DOWN
5081,5081_4692_FW_UP
5081,5081_4692_FW_DOWN
5081,5081_4693_FW_UP
5081,5081_4693_FW_DOWN
4991,4991_4688_FW_UP
4991,4991_4688_FW_DOWN
4961,4961_4689_SUN_UP
4961,4961_4689_SUN_DOWN
3710,3710_4707_FW_UP
3710,3710_4707_FW_DOWN
3881,3881_4697_MS_UP
3881,3881_4697_MS_DOWN
5261,5261_4703_FW_UP
5261,5261_4703_FW_DOWN
3881,3881_4695_HOL_UP
3881,3881_4695_HOL_DOWN
5261,5261_4704_FW_UP
5261,5261_4704_FW_DOWN
5061,5061_4710_SH_UP
5061,5061_4710_SH_DOWN
5061,5061_4711_MS_UP
5061,5061_4711_MS_DOWN
5061,5061_4713_MS_UP
5061,5061_4713_MS_DOWN
5061,5061_4716_MS_UP
5061,5061_4716_MS_DOWN
3731,3731_4705_SH_UP
3731,3731_4705_SH_DOWN
5061,5061_4714_SH_UP
5061,5061_4714_SH_DOWN
5061,5061_4717_SH_UP
5061,5061_4717_SH_DOWN
5061,5061_4718_MS_UP
5061,5061_4718_MS_DOWN
4931,4931_4721_FW_UP
4931,4931_4721_FW_DOWN
1734,1734_4720_FW_UP
1734,1734_4720_FW_DOWN
2290,2290_4723_SUN_UP
2290,2290_4723_SUN_DOWN
2290,2290_4724_HOL_UP
2290,2290_4724_HOL_DOWN
2250,2250_4726_SH_UP
2250,2250_4726_SH_DOWN
2354,2354_4698_SUN_UP
2354,2354_4698_SUN_DOWN
2354,2354_4699_HOL_UP
2354,2354_4699_HOL_DOWN
5061,5061_4661_FW_UP
5061,5061_4661_FW_DOWN
2220,2220_4737_MS_UP
2220,2220_4737_MS_DOWN
2200,2200_4741_MS_UP
2200,2200_4741_MS_DOWN
3741,3741_4743_MS_UP
3741,3741_4743_MS_DOWN
6050,6050_4766_SH_UP
6050,6050_4766_SH_DOWN
6050,6050_4767_MS_UP
6050,6050_4767_MS_DOWN
6010,6010_4775_SUN_UP
6010,6010_4775_SUN_DOWN
6010,6010_4776_MS&HOL_UP
6010,6010_4776_MS&HOL_DOWN
1540,1540_4780_SAT_UP
1540,1540_4780_SAT_DOWN
6020,6020_4782_MS&HOL_UP
6020,6020_4782_MS&HOL_DOWN
2240,2240_4730_MS_UP
2240,2240_4730_MS_DOWN
2250,2250_4729_MS_UP
2250,2250_4729_MS_DOWN
2240,2240_4733_SH_UP
2240,2240_4733_SH_DOWN
2240,2240_4732_MS_UP
2240,2240_4732_MS_DOWN
2220,2220_4736_HOL_UP
2220,2220_4736_HOL_DOWN
2240,2240_4734_SH_UP
2240,2240_4734_SH_DOWN
2210,2210_4738_SH_UP
2210,2210_4738_SH_DOWN
2210,2210_4739_MS_UP
2210,2210_4739_MS_DOWN
2200,2200_4740_SH_UP
2200,2200_4740_SH_DOWN
880,0880_4750_SH_UP
880,0880_4750_SH_DOWN
3741,3741_4744_SH_UP
3741,3741_4744_SH_DOWN
3741,3741_4742_SH_UP
3741,3741_4742_SH_DOWN
4227,4227_4746_MS&HOL_UP
4227,4227_4746_MS&HOL_DOWN
880,0880_4749_MF_UP
880,0880_4749_MF_DOWN
4227,4227_4747_SUN_UP
4227,4227_4747_SUN_DOWN
880,0880_4754_SAT_UP
880,0880_4754_SAT_DOWN
880,0880_4751_SAT_UP
880,0880_4751_SAT_DOWN
880,0880_4752_SAT_UP
880,0880_4752_SAT_DOWN
880,0880_4753_MF_UP
880,0880_4753_MF_DOWN
880,0880_4755_SH_UP
880,0880_4755_SH_DOWN
5091,5091_4758_FW_UP
5091,5091_4758_FW_DOWN
871,0871_4761_MF_UP
871,0871_4761_MF_DOWN
871,0871_4762_MF_UP
871,0871_4762_MF_DOWN
871,0871_4759_MF_UP
871,0871_4759_MF_DOWN
871,0871_4763_SAT_UP
871,0871_4763_SAT_DOWN
871,0871_4760_SAT_UP
871,0871_4760_SAT_DOWN
1540,1540_4777_SUN_UP
1540,1540_4777_SUN_DOWN
921,0921_4785_SUN_UP
921,0921_4785_SUN_DOWN
6020,6020_4781_SUN_UP
6020,6020_4781_SUN_DOWN
6090,6090_4784_MS_UP
6090,6090_4784_MS_DOWN
921,0921_4787_MS&HOL_UP
921,0921_4787_MS&HOL_DOWN
921,0921_4789_MS&HOL_UP
921,0921_4789_MS&HOL_DOWN
1540,1540_4778_HOL_UP
1540,1540_4778_HOL_DOWN
1540,1540_4779_MF_UP
1540,1540_4779_MF_DOWN
921,0921_4790_MS&HOL_UP
921,0921_4790_MS&HOL_DOWN
921,0921_4791_MS&HOL_UP
921,0921_4791_MS&HOL_DOWN
921,0921_4786_MS&HOL_UP
921,0921_4786_MS&HOL_DOWN
5331,5331_4793_SH_UP
5331,5331_4793_SH_DOWN
871,0871_4765_SH_UP
871,0871_4765_SH_DOWN
2250,2250_4728_SH_UP
2250,2250_4728_SH_DOWN
5331,5331_4794_MS_UP
5331,5331_4794_MS_DOWN
460,0460_4804_SH_UP
460,0460_4804_SH_DOWN
460,0460_4805_MS_UP
460,0460_4805_MS_DOWN
440,0440_4809_SH_UP
440,0440_4809_SH_DOWN
450,0450_4812_MS_UP
450,0450_4812_MS_DOWN
420,0420_4821_MS_UP
420,0420_4821_MS_DOWN
71,0071_4841_MS_UP
71,0071_4841_MS_DOWN
4481,4481_4799_SH_UP
4481,4481_4799_SH_DOWN
5331,5331_4798_MS_UP
5331,5331_4798_MS_DOWN
480,0480_4801_SH_UP
480,0480_4801_SH_DOWN
4481,4481_4800_MS_UP
4481,4481_4800_MS_DOWN
480,0480_4802_MS_UP
480,0480_4802_MS_DOWN
490,0490_4803_MS_UP
490,0490_4803_MS_DOWN
440,0440_4808_MS_UP
440,0440_4808_MS_DOWN
460,0460_4807_MS_UP
460,0460_4807_MS_DOWN
450,0450_4816_SAT_UP
450,0450_4816_SAT_DOWN
450,0450_4810_SUN_UP
450,0450_4810_SUN_DOWN
450,0450_4811_HOL_UP
450,0450_4811_HOL_DOWN
450,0450_4814_MF_UP
450,0450_4814_MF_DOWN
430,0430_4822_MF_UP
430,0430_4822_MF_DOWN
450,0450_4817_SUN_UP
450,0450_4817_SUN_DOWN
450,0450_4818_HOL_UP
450,0450_4818_HOL_DOWN
420,0420_4819_SUN_UP
420,0420_4819_SUN_DOWN
420,0420_4820_HOL_UP
420,0420_4820_HOL_DOWN
430,0430_4823_SAT_UP
430,0430_4823_SAT_DOWN
430,0430_4826_SH_UP
430,0430_4826_SH_DOWN
410,0410_4830_HOL_UP
410,0410_4830_HOL_DOWN
410,0410_4828_HOL_UP
410,0410_4828_HOL_DOWN
410,0410_4829_MS_UP
410,0410_4829_MS_DOWN
5127,5127_4834_MS&HOL_UP
5127,5127_4834_MS&HOL_DOWN
410,0410_4831_MS_UP
410,0410_4831_MS_DOWN
5127,5127_4835_SUN_UP
5127,5127_4835_SUN_DOWN
50,0050_4836_SH_UP
50,0050_4836_SH_DOWN
50,0050_4839_MS_UP
50,0050_4839_MS_DOWN
50,0050_4838_SH_UP
50,0050_4838_SH_DOWN
4921,4921_4850_SUN_UP
4921,4921_4850_SUN_DOWN
71,0071_4843_HOL_UP
71,0071_4843_HOL_DOWN
71,0071_4840_HOL_UP
71,0071_4840_HOL_DOWN
71,0071_4844_MS_UP
71,0071_4844_MS_DOWN
71,0071_4846_HOL_UP
71,0071_4846_HOL_DOWN
71,0071_4847_MS_UP
71,0071_4847_MS_DOWN
71,0071_4849_SUN_UP
71,0071_4849_SUN_DOWN
4921,4921_4852_MS&HOL_UP
4921,4921_4852_MS&HOL_DOWN
4921,4921_4851_SUN_UP
4921,4921_4851_SUN_DOWN
4921,4921_4855_MS&HOL_UP
4921,4921_4855_MS&HOL_DOWN
4921,4921_4854_SUN_UP
4921,4921_4854_SUN_DOWN
4921,4921_4856_SUN_UP
4921,4921_4856_SUN_DOWN
1114,1114_4859_HOL_UP
1114,1114_4859_HOL_DOWN
6184,6184_4862_SUN_UP
6184,6184_4862_SUN_DOWN
1114,1114_4858_SUN_UP
1114,1114_4858_SUN_DOWN
1114,1114_4860_MF_UP
1114,1114_4860_MF_DOWN
1114,1114_4861_SAT_UP
1114,1114_4861_SAT_DOWN
6184,6184_4863_MS&HOL_UP
6184,6184_4863_MS&HOL_DOWN
410,0410_4827_MS_UP
410,0410_4827_MS_DOWN
50,0050_4837_MS_UP
50,0050_4837_MS_DOWN
3490,3490_3254_MS_UP
3490,3490_3254_MS_DOWN
3551,3551_3276_SH_UP
3551,3551_3276_SH_DOWN
3211,3211_3267_SH_UP
3211,3211_3267_SH_DOWN
401,0401_3283_SUN_UP
401,0401_3283_SUN_DOWN
3027,3027_3296_SAT&HOL_UP
3027,3027_3296_SAT&HOL_DOWN
5171,5171_3304_MS_UP
5171,5171_3304_MS_DOWN
2770,2770_3349_MS_UP
2770,2770_3349_MS_DOWN
2990,2990_3311_FW_UP
2990,2990_3311_FW_DOWN
536,0536_3323_MS_UP
536,0536_3323_MS_DOWN
2021,2021_3332_SUN_UP
2021,2021_3332_SUN_DOWN
3004,3004_3375_SH_UP
3004,3004_3375_SH_DOWN
5021,5021_3388_SH_UP
5021,5021_3388_SH_DOWN
1010,1010_3404_HOL_UP
1010,1010_3404_HOL_DOWN
380,0380_3420_MS_UP
380,0380_3420_MS_DOWN
3390,3390_3460_MS_UP
3390,3390_3460_MS_DOWN
350,0350_3438_SUN_UP
350,0350_3438_SUN_DOWN
4300,4300_3452_MS_UP
4300,4300_3452_MS_DOWN
3390,3390_3457_SH_UP
3390,3390_3457_SH_DOWN
3320,3320_3479_MS_UP
3320,3320_3479_MS_DOWN
3591,3591_3511_SUN_UP
3591,3591_3511_SUN_DOWN
2390,2390_3522_FW_UP
2390,2390_3522_FW_DOWN
6034,6034_3526_MS_UP
6034,6034_3526_MS_DOWN
2330,2330_3538_MS_UP
2330,2330_3538_MS_DOWN
4587,4587_3544_SUN_UP
4587,4587_3544_SUN_DOWN
541,0541_3579_MS_UP
541,0541_3579_MS_DOWN
4080,4080_3644_HOL_UP
4080,4080_3644_HOL_DOWN
1380,1380_3613_MF_UP
1380,1380_3613_MF_DOWN
4031,4031_3652_MS_UP
4031,4031_3652_MS_DOWN
4060,4060_3630_SH_UP
4060,4060_3630_SH_DOWN
1374,1374_3655_MF_UP
1374,1374_3655_MF_DOWN
2154,2154_3669_SAT_UP
2154,2154_3669_SAT_DOWN
860,0860_3724_HOL_UP
860,0860_3724_HOL_DOWN
3920,3920_3700_SH_UP
3920,3920_3700_SH_DOWN
830,0830_3721_SH_UP
830,0830_3721_SH_DOWN
426,0426_4866_SUN_UP
426,0426_4866_SUN_DOWN
426,0426_4867_MF_UP
426,0426_4867_MF_DOWN
4730,4730_4870_FW_UP
4730,4730_4870_FW_DOWN
4810,4810_4869_FW_UP
4810,4810_4869_FW_DOWN
4770,4770_4871_SH_UP
4770,4770_4871_SH_DOWN
4770,4770_4872_MS_UP
4770,4770_4872_MS_DOWN
111,0111_3260_HOL_UP
111,0111_3260_HOL_DOWN
1334,1334_3363_MS_UP
1334,1334_3363_MS_DOWN
5021,5021_3390_FW_UP
5021,5021_3390_FW_DOWN
5111,5111_3430_HOL_UP
5111,5111_3430_HOL_DOWN
211,0211_3488_MS_UP
211,0211_3488_MS_DOWN
5101,5101_3496_SUN_UP
5101,5101_3496_SUN_DOWN
4141,4141_3556_SUN_UP
4141,4141_3556_SUN_DOWN
3481,3481_3568_MS_UP
3481,3481_3568_MS_DOWN
7007,7007_3588_SH_UP
7007,7007_3588_SH_DOWN
2101,2101_3597_HOL_UP
2101,2101_3597_HOL_DOWN
2154,2154_3662_MF_UP
2154,2154_3662_MF_DOWN
3700,3700_3684_MS_UP
3700,3700_3684_MS_DOWN
768,0768_3692_SAT&HOL_UP
768,0768_3692_SAT&HOL_DOWN
820,0820_3714_MS_UP
820,0820_3714_MS_DOWN
860,0860_3728_HOL_UP
860,0860_3728_HOL_DOWN
2551,2551_4865_MS&HOL_UP
2551,2551_4865_MS&HOL_DOWN
4611,4611_3765_SH_UP
4611,4611_3765_SH_DOWN
3821,3821_3777_MS_UP
3821,3821_3777_MS_DOWN
6250,6250_3786_FW_UP
6250,6250_3786_FW_DOWN
4510,4510_3792_MS_UP
4510,4510_3792_MS_DOWN
37,0037_3880_MF_UP
37,0037_3880_MF_DOWN
7021,7021_3859_FW_UP
7021,7021_3859_FW_DOWN
3170,3170_3866_FW_UP
3170,3170_3866_FW_DOWN
17,0017_3889_MF_UP
17,0017_3889_MF_DOWN
2030,2030_3989_MS_UP
2030,2030_3989_MS_DOWN
7061,7061_3926_MS_UP
7061,7061_3926_MS_DOWN
5071,5071_3943_MS_UP
5071,5071_3943_MS_DOWN
3270,3270_3962_SUN_UP
3270,3270_3962_SUN_DOWN
2030,2030_3982_SH_UP
2030,2030_3982_SH_DOWN
700,0700_4025_SH_UP
700,0700_4025_SH_DOWN
324,0324_4011_SH_UP
324,0324_4011_SH_DOWN
4407,4407_4040_MS_UP
4407,4407_4040_MS_DOWN
7015,7015_4049_SUN_UP
7015,7015_4049_SUN_DOWN
6630,6630_4056_FW_UP
6630,6630_4056_FW_DOWN
1210,1210_4081_MF_UP
1210,1210_4081_MF_DOWN
1240,1240_4093_SH_UP
1240,1240_4093_SH_DOWN
126,0126_4113_MS&HOL_UP
126,0126_4113_MS&HOL_DOWN
3150,3150_4178_MS_UP
3150,3150_4178_MS_DOWN
3561,3561_4249_MS_UP
3561,3561_4249_MS_DOWN
4150,4150_4124_SAT_UP
4150,4150_4124_SAT_DOWN
3800,3800_4256_MS&HOL_UP
3800,3800_4256_MS&HOL_DOWN
3991,3991_4147_MS_UP
3991,3991_4147_MS_DOWN
4110,4110_4134_SH_UP
4110,4110_4134_SH_DOWN
5131,5131_4189_FW_UP
5131,5131_4189_FW_DOWN
3082,3082_4204_SUN_UP
3082,3082_4204_SUN_DOWN
3800,3800_4258_MS&HOL_UP
3800,3800_4258_MS&HOL_DOWN
3640,3640_4226_SH_UP
3640,3640_4226_SH_DOWN
3830,3830_4265_SH_UP
3830,3830_4265_SH_DOWN
2894,2894_4297_SUN_UP
2894,2894_4297_SUN_DOWN
660,0660_4324_MS_UP
660,0660_4324_MS_DOWN
61,0061_3755_MS_UP
61,0061_3755_MS_DOWN
811,0811_3800_MS_UP
811,0811_3800_MS_DOWN
1720,1720_3825_SAT_UP
1720,1720_3825_SAT_DOWN
4560,4560_3807_MS&HOL_UP
4560,4560_3807_MS&HOL_DOWN
1700,1700_3833_FW_UP
1700,1700_3833_FW_DOWN
150,0150_3894_SH_UP
150,0150_3894_SH_DOWN
47,0047_3906_SAT&HOL_UP
47,0047_3906_SAT&HOL_DOWN
2030,2030_3990_SH_UP
2030,2030_3990_SH_DOWN
2080,2080_4005_MS_UP
2080,2080_4005_MS_DOWN
931,0931_4033_MS&HOL_UP
931,0931_4033_MS&HOL_DOWN
2464,2464_4065_SUN_UP
2464,2464_4065_SUN_DOWN
4150,4150_4122_MF_UP
4150,4150_4122_MF_DOWN
3130,3130_4159_MS_UP
3130,3130_4159_MS_DOWN
5131,5131_4188_FW_UP
5131,5131_4188_FW_DOWN
138,0138_4197_MF_UP
138,0138_4197_MF_DOWN
30,0030_4216_SUN_UP
30,0030_4216_SUN_DOWN
436,0436_4279_SH_UP
436,0436_4279_SH_DOWN
2261,2261_4289_SH_UP
2261,2261_4289_SH_DOWN
650,0650_4321_MS_UP
650,0650_4321_MS_DOWN
27,0027_4416_HOL_UP
27,0027_4416_HOL_DOWN
680,0680_4339_SAT_UP
680,0680_4339_SAT_DOWN
2540,2540_4355_SUN_UP
2540,2540_4355_SUN_DOWN
1660,1660_4394_FW_UP
1660,1660_4394_FW_DOWN
1620,1620_4397_SUN_UP
1620,1620_4397_SUN_DOWN
90,0090_4427_MS_UP
90,0090_4427_MS_DOWN
2734,2734_4447_SUN_UP
2734,2734_4447_SUN_DOWN
3570,3570_4456_SUN_UP
3570,3570_4456_SUN_DOWN
3570,3570_4457_HOL_UP
3570,3570_4457_HOL_DOWN
3510,3510_4471_SUN_UP
3510,3510_4471_SUN_DOWN
2120,2120_4483_MS_UP
2120,2120_4483_MS_DOWN
2830,2830_4512_FW_UP
2830,2830_4512_FW_DOWN
4441,4441_4523_SH_UP
4441,4441_4523_SH_DOWN
3030,3030_4644_MS_UP
3030,3030_4644_MS_DOWN
2690,2690_4540_FW_UP
2690,2690_4540_FW_DOWN
550,0550_4553_SAT_UP
550,0550_4553_SAT_DOWN
530,0530_4567_SH_UP
530,0530_4567_SH_DOWN
71,0071_4842_SUN_UP
71,0071_4842_SUN_DOWN
2844,2844_4586_MS_UP
2844,2844_4586_MS_DOWN
500,0500_4590_SAT_UP
500,0500_4590_SAT_DOWN
5001,5001_4605_MS&HOL_UP
5001,5001_4605_MS&HOL_DOWN
4210,4210_4614_SH_UP
4210,4210_4614_SH_DOWN
2784,2784_4631_MS&HOL_UP
2784,2784_4631_MS&HOL_DOWN
5051,5051_4678_MS_UP
5051,5051_4678_MS_DOWN
1062,1062_4669_MS_UP
1062,1062_4669_MS_DOWN
5061,5061_4708_SH_UP
5061,5061_4708_SH_DOWN
2250,2250_4727_MS_UP
2250,2250_4727_MS_DOWN
880,0880_4748_MF_UP
880,0880_4748_MF_DOWN
1580,1580_4783_FH_UP
1580,1580_4783_FH_DOWN
71,0071_4848_SUN_UP
71,0071_4848_SUN_DOWN
4921,4921_4857_MS&HOL_UP
4921,4921_4857_MS&HOL_DOWN
2551,2551_4864_SUN_UP
2551,2551_4864_SUN_DOWN
450,0450_4815_MF_UP
450,0450_4815_MF_DOWN
410,0410_4832_MS_UP
410,0410_4832_MS_DOWN
4617,4617_3299_MS&HOL_UP
4617,4617_3299_MS&HOL_DOWN
3027,3027_3295_MF_UP
3027,3027_3295_MF_DOWN
111,0111_3265_SAT_UP
111,0111_3265_SAT_DOWN
3551,3551_3275_MS_UP
3551,3551_3275_MS_DOWN
401,0401_3285_MS&HOL_UP
401,0401_3285_MS&HOL_DOWN
670,0670_4332_SH_UP
670,0670_4332_SH_DOWN
57,0057_4503_SAT_UP
57,0057_4503_SAT_DOWN
1634,1634_4437_SUN_UP
1634,1634_4437_SUN_DOWN
2180,2180_4494_SAT_UP
2180,2180_4494_SAT_DOWN
5517,5517_4525_MS&HOL_UP
5517,5517_4525_MS&HOL_DOWN
5261,5261_4701_FW_UP
5261,5261_4701_FW_DOWN
5061,5061_4715_SH_UP
5061,5061_4715_SH_DOWN
4931,4931_4722_FW_UP
4931,4931_4722_FW_DOWN
2220,2220_4735_SUN_UP
2220,2220_4735_SUN_DOWN
921,0921_4792_MS&HOL_UP
921,0921_4792_MS&HOL_DOWN
5331,5331_4795_SH_UP
5331,5331_4795_SH_DOWN
460,0460_4806_SH_UP
460,0460_4806_SH_DOWN
430,0430_4825_FW_UP
430,0430_4825_FW_DOWN
5171,5171_3305_SH_UP
5171,5171_3305_SH_DOWN
5257,5257_3326_MF_UP
5257,5257_3326_MF_DOWN
790,0790_4038_MS_UP
790,0790_4038_MS_DOWN
2770,2770_3346_SUN_UP
2770,2770_3346_SUN_DOWN
2444,2444_3359_SH_UP
2444,2444_3359_SH_DOWN
3061,3061_3770_MS&SUN_UP
3061,3061_3770_MS&SUN_DOWN
1080,1080_3386_HOL_UP
1080,1080_3386_HOL_DOWN
1030,1030_3395_MF_UP
1030,1030_3395_MF_DOWN
1030,1030_3402_SH_UP
1030,1030_3402_SH_DOWN
1060,1060_3412_HOL_UP
1060,1060_3412_HOL_DOWN
5111,5111_3431_MS_UP
5111,5111_3431_MS_DOWN
350,0350_3442_HOL_UP
350,0350_3442_HOL_DOWN
47,0047_3909_MS_UP
47,0047_3909_MS_DOWN
6270,6270_3783_MS_UP
6270,6270_3783_MS_DOWN
3320,3320_3476_HOL_UP
3320,3320_3476_HOL_DOWN
2231,2231_3482_SH_UP
2231,2231_3482_SH_DOWN
5101,5101_3495_MS_UP
5101,5101_3495_MS_DOWN
446,0446_3516_MS&HOL_UP
446,0446_3516_MS&HOL_DOWN
5151,5151_3524_MS_UP
5151,5151_3524_MS_DOWN
2330,2330_3537_MS_UP
2330,2330_3537_MS_DOWN
4587,4587_3547_MS&HOL_UP
4587,4587_3547_MS&HOL_DOWN
3481,3481_3566_SUN_UP
3481,3481_3566_SUN_DOWN
3481,3481_3576_HOL_UP
3481,3481_3576_HOL_DOWN
2101,2101_3598_MS_UP
2101,2101_3598_MS_DOWN
1380,1380_3614_MF_UP
1380,1380_3614_MF_DOWN
280,0280_3626_SH_UP
280,0280_3626_SH_DOWN
4031,4031_3650_SUN_UP
4031,4031_3650_SUN_DOWN
41,0041_3671_MS_UP
41,0041_3671_MS_DOWN
41,0041_3675_MS_UP
41,0041_3675_MS_DOWN
768,0768_3693_MF_UP
768,0768_3693_MF_DOWN
811,0811_3799_MS_UP
811,0811_3799_MS_DOWN
890,0890_3707_HOL_UP
890,0890_3707_HOL_DOWN
830,0830_3719_MS_UP
830,0830_3719_MS_DOWN
860,0860_3727_SUN_UP
860,0860_3727_SUN_DOWN
850,0850_3739_MS_UP
850,0850_3739_MS_DOWN
61,0061_3756_SH_UP
61,0061_3756_SH_DOWN
1740,1740_3820_FW_UP
1740,1740_3820_FW_DOWN
1710,1710_3832_SH_UP
1710,1710_3832_SH_DOWN
1810,1810_3850_SH_UP
1810,1810_3850_SH_DOWN
6284,6284_3867_MS_UP
6284,6284_3867_MS_DOWN
37,0037_3881_SAT_UP
37,0037_3881_SAT_DOWN
801,0801_3931_SH_UP
801,0801_3931_SH_DOWN
17,0017_3888_MF_UP
17,0017_3888_MF_DOWN
150,0150_3898_MS_UP
150,0150_3898_MS_DOWN
760,0760_4016_MF_UP
760,0760_4016_MF_DOWN
5071,5071_3945_MS_UP
5071,5071_3945_MS_DOWN
2010,2010_3977_MS_UP
2010,2010_3977_MS_DOWN
5211,5211_4390_SUN_UP
5211,5211_4390_SUN_DOWN
2030,2030_3991_SH_UP
2030,2030_3991_SH_DOWN
4641,4641_4027_MS_UP
4641,4641_4027_MS_DOWN
81,0081_4048_MS_UP
81,0081_4048_MS_DOWN
2464,2464_4066_HOL_UP
2464,2464_4066_HOL_DOWN
1220,1220_4086_MF_UP
1220,1220_4086_MF_DOWN
1260,1260_4102_HOL_UP
1260,1260_4102_HOL_DOWN
5451,5451_4117_MS&HOL_UP
5451,5451_4117_MS&HOL_DOWN
4150,4150_4121_MF_UP
4150,4150_4121_MF_DOWN
3180,3180_4151_MS_UP
3180,3180_4151_MS_DOWN
5251,5251_4172_MS_UP
5251,5251_4172_MS_DOWN
101,0101_4206_SH_UP
101,0101_4206_SH_DOWN
138,0138_4195_SAT_UP
138,0138_4195_SAT_DOWN
3082,3082_4202_MS_UP
3082,3082_4202_MS_DOWN
30,0030_4217_HOL_UP
30,0030_4217_HOL_DOWN
1030,1030_3398_MF_UP
1030,1030_3398_MF_DOWN
3561,3561_4253_MS_UP
3561,3561_4253_MS_DOWN
3561,3561_4252_SH_UP
3561,3561_4252_SH_DOWN
3800,3800_4259_SUN_UP
3800,3800_4259_SUN_DOWN
3850,3850_4271_SH_UP
3850,3850_4271_SH_DOWN
1510,1510_4294_MS_UP
1510,1510_4294_MS_DOWN
610,0610_4306_MS_UP
610,0610_4306_MS_DOWN
5061,5061_4712_SH_UP
5061,5061_4712_SH_DOWN
640,0640_4320_SH_UP
640,0640_4320_SH_DOWN
660,0660_4327_MS_UP
660,0660_4327_MS_DOWN
5061,5061_4719_SH_UP
5061,5061_4719_SH_DOWN
670,0670_4336_MS_UP
670,0670_4336_MS_DOWN
2560,2560_4354_HOL_UP
2560,2560_4354_HOL_DOWN
5211,5211_4387_MS&HOL_UP
5211,5211_4387_MS&HOL_DOWN
27,0027_4415_MS_UP
27,0027_4415_MS_DOWN
2734,2734_4441_SUN_UP
2734,2734_4441_SUN_DOWN
2240,2240_4731_MS_UP
2240,2240_4731_MS_DOWN
5231,5231_4455_MS_UP
5231,5231_4455_MS_DOWN
3540,3540_4464_MF_UP
3540,3540_4464_MF_DOWN
4971,4971_4490_FW_UP
4971,4971_4490_FW_DOWN
3741,3741_4745_MS_UP
3741,3741_4745_MS_DOWN
57,0057_4501_MF&HOL_UP
57,0057_4501_MF&HOL_DOWN
758,0758_4508_MS&HOL_UP
758,0758_4508_MS&HOL_DOWN
2630,2630_4527_MS&HOL_UP
2630,2630_4527_MS&HOL_DOWN
570,0570_4555_SUN_UP
570,0570_4555_SUN_DOWN
630,0630_4581_MS_UP
630,0630_4581_MS_DOWN
5011,5011_4611_SH_UP
5011,5011_4611_SH_DOWN
3030,3030_4642_MS_UP
3030,3030_4642_MS_DOWN
3030,3030_4646_MS_UP
3030,3030_4646_MS_DOWN
1062,1062_4668_MS_UP
1062,1062_4668_MS_DOWN
5261,5261_4702_FW_UP
5261,5261_4702_FW_DOWN
880,0880_4756_SH_UP
880,0880_4756_SH_DOWN
871,0871_4764_SAT_UP
871,0871_4764_SAT_DOWN
921,0921_4788_SUN_UP
921,0921_4788_SUN_DOWN
4921,4921_4853_MS&HOL_UP
4921,4921_4853_MS&HOL_DOWN
5331,5331_4797_SH_UP
5331,5331_4797_SH_DOWN
450,0450_4813_MS_UP
450,0450_4813_MS_DOWN
3027,3027_3290_MF_UP
3027,3027_3290_MF_DOWN
430,0430_4824_FW_UP
430,0430_4824_FW_DOWN
410,0410_4833_MS_UP
410,0410_4833_MS_DOWN
71,0071_4845_MS_UP
71,0071_4845_MS_DOWN
1350,1350_3604_HOL_UP
1350,1350_3604_HOL_DOWN
280,0280_3624_SH_UP
280,0280_3624_SH_DOWN
41,0041_3676_MS_UP
41,0041_3676_MS_DOWN
850,0850_3736_MS_UP
850,0850_3736_MS_DOWN
1840,1840_3855_MS&HOL_UP
1840,1840_3855_MS&HOL_DOWN
2094,2094_3745_HOL_UP
2094,2094_3745_HOL_DOWN
801,0801_3932_MS_UP
801,0801_3932_MS_DOWN
1260,1260_4104_MS_UP
1260,1260_4104_MS_DOWN
5251,5251_4170_HOL_UP
5251,5251_4170_HOL_DOWN
3610,3610_4240_MS_UP
3610,3610_4240_MS_DOWN
5211,5211_4385_MS&HOL_UP
5211,5211_4385_MS&HOL_DOWN
630,0630_4582_SH_UP
630,0630_4582_SH_DOWN
8021,8021_4686_MF_UP
8021,8021_4686_MF_DOWN
5091,5091_4757_FW_UP
5091,5091_4757_FW_DOWN
5331,5331_4796_MS_UP
5331,5331_4796_MS_DOWN
426,0426_4868_SAT&HOL_UP
426,0426_4868_SAT&HOL_DOWN
